Player,Pos,Age,Team,Games,Minutes Played,Fields Goal,Fields Goal Attempted,3-points Field Goal,3-points Field Goal Attempted,2-points Field Goal,2-points Field Goal Attempted,Free Throws,Free Throws Attempted,Personal Fouls,Points,Rank,Year
Álex Abrines,SG,24,OKC,75,15.1,1.5,3.9,1.1,,0.4,0.9,0.5,0.6,1.7,4.7,1,2018
Quincy Acy,PF,27,BRK,70,19.4,1.9,,1.5,4.2,0.4,1.0,0.7,0.9,2.1,5.9,2,2018
Steven Adams,C,24,OKC,76,32.7,5.9,9.4,0.0,0.0,5.9,9.3,2.1,3.8,2.8,13.9,3,2018
Bam Adebayo,C,20,MIA,69,19.8,2.5,4.9,0.0,0.1,2.5,4.8,1.9,2.6,2.0,6.9,4,2018
Arron Afflalo,SG,32,ORL,53,12.9,1.2,,0.5,,0.7,1.7,0.4,0.5,1.1,3.4,5,2018
Cole Aldrich,C,29,MIN,21,2.3,0.2,,0.0,0.0,,0.7,0.1,0.3,0.5,0.6,6,2018
LaMarcus Aldridge,C,32,SAS,75,33.5,9.2,,0.4,1.2,8.8,16.7,4.5,5.3,2.1,23.1,7,2018
Jarrett Allen,C,19,BRK,72,20.0,3.3,5.5,0.1,0.2,3.2,5.3,1.6,2.0,2.0,8.2,8,2018
Kadeem Allen,PG,25,BOS,18,5.9,0.3,,0.0,0.6,,0.6,0.4,0.5,0.8,1.1,9,2018
Tony Allen,SF,36,NOP,22,12.4,2.0,,0.2,0.5,,3.6,0.5,1.0,2.2,4.7,10,2018
Al-Farouq Aminu,PF,27,POR,69,30.0,3.3,,1.8,4.9,1.5,3.5,0.9,1.2,2.0,9.3,11,2018
Justin Anderson,SF,24,PHI,38,13.7,2.3,5.3,0.9,2.7,1.4,2.6,0.7,1.0,1.4,6.2,12,2018
Kyle Anderson,SF,24,SAS,74,26.7,3.1,5.9,0.3,0.8,2.9,5.1,1.4,2.0,1.5,7.9,13,2018
Ryan Anderson,PF,29,HOU,66,26.1,3.1,,2.0,5.1,1.2,2.1,1.1,1.4,1.9,9.3,14,2018
Ike Anigbogu,C,19,IND,11,2.7,0.4,0.8,0.0,0.0,,0.8,0.5,0.5,0.1,1.2,15,2018
Giannis Antetokounmpo,PF,23,MIL,75,36.7,9.9,18.7,0.6,1.9,9.3,16.8,6.5,8.5,3.1,26.9,16,2018
Carmelo Anthony,PF,33,OKC,78,32.1,6.1,,2.2,6.1,3.9,8.9,1.9,2.5,2.5,16.2,17,2018
OG Anunoby,SF,20,TOR,74,20.0,2.2,4.7,1.0,2.7,1.2,2.0,0.5,0.8,1.8,5.9,18,2018
Ryan Arcidiacono,PG,23,CHI,24,12.7,0.7,1.7,0.4,1.3,,0.4,0.2,0.3,0.8,2.0,19,2018
Trevor Ariza,SF,32,HOU,67,33.9,4.0,,2.5,6.9,1.5,2.8,1.1,1.3,2.0,11.7,20,2018
Darrell Arthur,PF,29,DEN,19,7.4,1.2,,0.4,1.2,,1.3,0.1,0.2,1.2,2.8,21,2018
Jamel Artis,SG,25,ORL,15,18.6,2.1,,0.5,,,3.3,0.5,0.8,0.7,5.1,22,2018
Ömer Aşık,C,31,TOT,18,10.1,0.5,,0.0,0.0,,1.2,0.2,0.7,1.1,1.2,23,2018
Ömer Aşık,C,31,NOP,14,8.6,0.5,,0.0,0.0,,1.1,0.3,0.9,1.0,1.3,23,2018
Ömer Aşık,C,31,CHI,4,15.3,0.5,,0.0,0.0,,1.5,0.0,0.3,1.5,1.0,23,2018
D.J. Augustin,PG,30,ORL,75,23.5,3.3,,1.5,3.6,1.7,3.6,2.2,2.5,1.3,10.2,24,2018
Luke Babbitt,SF,28,TOT,50,14.3,1.8,,1.2,3.1,0.6,1.2,0.3,0.4,1.1,5.2,25,2018
Luke Babbitt,SF,28,ATL,37,15.4,2.2,,1.3,3.0,0.8,1.5,0.5,0.6,1.3,6.1,25,2018
Luke Babbitt,SF,28,MIA,13,11.2,0.8,,0.8,3.5,,0.2,0.0,0.0,0.5,2.5,25,2018
Dwayne Bacon,SG,22,CHO,53,13.5,1.4,3.6,0.2,,1.2,2.8,0.4,0.5,0.9,3.3,26,2018
Ron Baker,SG,24,NYK,29,13.3,0.7,2.0,0.4,,,0.9,0.7,0.9,1.1,2.4,27,2018
Wade Baldwin,PG,21,POR,7,11.4,2.0,3.0,0.6,0.7,,2.3,0.9,1.4,1.7,5.4,28,2018
Lonzo Ball,PG,20,LAL,52,34.2,3.9,10.8,1.7,5.7,2.2,5.2,0.6,1.4,2.3,10.2,29,2018
J.J. Barea,PG,33,DAL,69,23.2,4.4,,1.7,4.5,2.7,5.5,1.2,1.5,1.2,11.6,30,2018
Harrison Barnes,PF,25,DAL,77,34.2,7.0,,1.5,4.3,5.4,11.4,3.4,4.1,1.2,18.9,31,2018
Will Barton,SG,27,DEN,81,33.1,5.7,,1.9,,3.8,7.5,2.2,2.8,2.1,15.7,32,2018
Nicolas Batum,SG,29,CHO,64,31.0,4.2,,1.4,,2.8,5.9,1.7,2.0,1.1,11.6,33,2018
Jerryd Bayless,SG,29,PHI,39,23.7,2.8,,1.4,,1.4,3.0,0.9,1.1,2.3,7.9,34,2018
Aron Baynes,C,31,BOS,81,18.3,2.6,,0.0,0.3,2.6,5.2,0.7,1.0,2.5,6.0,35,2018
Kent Bazemore,SG,28,ATL,65,27.5,4.4,,1.7,,2.7,6.2,2.5,3.1,2.3,12.9,36,2018
Bradley Beal,SG,24,WAS,82,36.3,8.3,18.1,2.4,,5.9,11.6,3.6,4.5,2.0,22.6,37,2018
Malik Beasley,SG,21,DEN,62,9.4,1.2,2.9,0.5,,0.7,1.5,0.4,0.5,0.6,3.2,38,2018
Michael Beasley,PF,29,NYK,74,22.3,5.5,,0.5,1.2,5.1,9.7,1.7,2.1,2.0,13.2,39,2018
Marco Belinelli,SG,31,TOT,80,24.3,4.2,,1.9,,2.4,4.6,1.9,2.0,1.1,12.1,40,2018
Marco Belinelli,SG,31,ATL,52,23.3,3.8,,1.8,,2.1,4.6,1.9,2.1,0.8,11.4,40,2018
Marco Belinelli,SG,31,PHI,28,26.3,4.9,,2.0,,,4.7,1.7,1.9,1.8,13.6,40,2018
Jordan Bell,C,23,GSW,57,14.2,2.0,3.2,0.0,0.1,2.0,3.2,0.5,0.8,1.6,4.6,41,2018
DeAndre' Bembry,SF,23,ATL,26,17.5,2.0,4.9,0.4,1.2,,3.8,0.7,1.3,1.5,5.2,42,2018
Dragan Bender,PF,20,PHO,82,25.2,2.3,5.9,1.4,3.9,0.8,2.0,0.5,0.6,2.0,6.5,43,2018
Dāvis Bertāns,PF,25,SAS,77,14.1,2.1,,1.2,3.3,0.9,1.5,0.5,0.6,1.2,5.9,44,2018
Patrick Beverley,SG,29,LAC,11,30.4,4.4,,2.2,,,5.4,1.3,1.5,3.1,12.2,45,2018
Khem Birch,C,25,ORL,42,13.8,1.6,,0.0,0.0,1.6,3.0,1.0,1.5,1.3,4.2,46,2018
Jabari Bird,SG,23,BOS,13,8.8,1.2,2.0,0.2,,,1.5,0.5,1.0,0.5,3.0,47,2018
Bismack Biyombo,C,25,ORL,82,18.2,2.2,,0.0,0.0,2.2,4.3,1.2,1.9,1.9,5.7,48,2018
Nemanja Bjelica,PF,29,MIN,67,20.5,2.6,,1.1,2.7,1.4,2.8,0.5,0.7,2.1,6.8,49,2018
Tarik Black,C,26,HOU,51,10.5,1.5,,0.0,0.2,1.5,2.3,0.6,1.2,2.1,3.5,50,2018
Antonio Blakeney,SG,21,CHI,19,16.5,2.8,7.5,0.8,,,4.8,1.6,2.1,1.0,7.9,51,2018
Eric Bledsoe,PG,28,TOT,74,31.4,6.3,,1.7,4.9,4.6,8.5,3.4,4.3,2.5,17.7,52,2018
Eric Bledsoe,PG,28,PHO,3,27.7,5.3,,1.3,4.3,,9.0,3.7,4.7,2.0,15.7,52,2018
Eric Bledsoe,PG,28,MIL,71,31.5,6.4,,1.7,4.9,4.7,8.5,3.4,4.3,2.5,17.8,52,2018
Vander Blue,SG,25,LAL,5,9.0,0.2,,0.0,,,0.6,0.2,0.4,0.4,0.6,53,2018
Bogdan Bogdanović,SG,25,SAC,78,27.9,4.4,,1.7,,2.8,5.7,1.3,1.5,2.2,11.8,54,2018
Bojan Bogdanović,SF,28,IND,80,30.8,5.1,,1.9,4.8,3.1,5.8,2.2,2.6,1.6,14.3,55,2018
Andrew Bogut,C,33,LAL,24,9.0,0.7,,0.0,0.0,,1.0,0.1,0.1,1.7,1.5,56,2018
Joel Bolomboy,PF,24,MIL,6,6.3,0.5,1.0,0.0,0.2,,0.8,0.5,1.0,0.5,1.5,57,2018
Devin Booker,SG,21,PHO,54,34.5,8.4,19.5,2.7,,5.7,12.4,5.4,6.1,3.1,24.9,58,2018
Trevor Booker,PF,30,TOT,68,17.0,2.6,,0.1,0.5,2.5,4.6,1.0,1.4,1.8,6.3,59,2018
Trevor Booker,PF,30,BRK,18,21.9,4.3,,0.2,0.7,,7.7,1.3,2.4,2.4,10.1,59,2018
Trevor Booker,PF,30,PHI,33,15.0,1.8,,0.1,0.2,,3.1,1.0,1.2,1.5,4.7,59,2018
Trevor Booker,PF,30,IND,17,15.8,2.3,,0.2,0.8,,4.1,0.6,0.6,1.5,5.4,59,2018
Chris Boucher,PF,25,GSW,1,1.0,0.0,,0.0,1.0,,0.0,0.0,0.0,0.0,0.0,60,2018
Avery Bradley,SG,27,TOT,46,31.2,5.6,,1.6,,4.0,9.2,1.4,1.8,2.0,14.3,61,2018
Avery Bradley,SG,27,DET,40,31.7,5.8,,1.9,,4.0,9.4,1.5,2.0,2.0,15.0,61,2018
Avery Bradley,SG,27,LAC,6,27.5,4.3,,0.2,,,7.7,0.3,0.3,2.0,9.2,61,2018
Tony Bradley,C,20,UTA,9,3.2,0.3,1.2,0.0,0.1,,1.1,0.2,0.2,0.1,0.9,62,2018
Corey Brewer,SF-SG,31,TOT,72,16.8,2.0,,0.4,1.5,1.5,2.9,0.9,1.3,,5.3,63,2018
Corey Brewer,SF,31,LAL,54,12.9,1.4,,0.1,0.8,1.3,2.4,0.6,0.9,1.5,3.7,63,2018
Corey Brewer,SG,31,OKC,18,28.6,3.6,,1.3,,,4.3,1.7,2.2,3.1,10.1,63,2018
Malcolm Brogdon,PG,25,MIL,48,29.9,5.1,,1.3,3.4,3.8,7.1,1.6,1.8,2.7,13.0,64,2018
Aaron Brooks,PG,33,MIN,32,5.9,0.9,,0.3,1.0,,1.2,0.3,0.3,0.9,2.3,65,2018
Dillon Brooks,SF,22,MEM,82,28.7,4.1,9.4,1.1,3.2,3.0,6.2,1.5,2.0,2.8,11.0,66,2018
MarShon Brooks,SG,29,MEM,7,27.6,7.3,,2.7,,,10.0,2.9,3.3,0.9,20.1,67,2018
Anthony Brown,SF,25,MIN,1,4.0,1.0,,1.0,1.0,,0.0,0.0,0.0,0.0,3.0,68,2018
Bobby Brown,PG,33,HOU,20,5.8,1.0,,0.6,2.0,,0.9,0.1,0.1,0.3,2.5,69,2018
Jaylen Brown,SG,21,BOS,70,30.7,5.3,11.5,1.7,,3.6,7.1,2.1,3.3,2.6,14.5,70,2018
Lorenzo Brown,PG,27,TOR,14,9.9,1.0,,0.1,0.9,,1.6,0.1,0.1,0.5,2.3,71,2018
Markel Brown,SG,26,HOU,4,7.8,0.5,,0.3,,,0.5,0.0,0.0,1.5,1.3,72,2018
Sterling Brown,SG,22,MIL,54,14.4,1.5,3.8,0.6,,0.9,2.1,0.4,0.4,1.5,4.0,73,2018
Nicolás Brussino,SF,24,ATL,4,2.5,0.0,0.5,0.0,0.5,,0.0,0.0,0.0,0.0,0.0,74,2018
Thomas Bryant,C,20,LAL,15,4.8,0.5,1.4,0.1,0.7,,0.7,0.3,0.6,0.4,1.5,75,2018
Reggie Bullock,SF,26,DET,62,27.9,4.3,,2.0,4.5,2.3,4.3,0.6,0.8,1.1,11.3,76,2018
Trey Burke,PG,25,NYK,36,21.8,5.4,,1.1,2.9,4.3,7.8,1.0,1.6,1.2,12.8,77,2018
Alec Burks,SG,26,UTA,64,16.5,2.7,,0.7,,1.9,4.3,1.7,1.9,1.2,7.7,78,2018
Jimmy Butler,SG,28,MIN,59,36.7,7.4,,1.2,,6.2,12.2,6.2,7.2,1.3,22.2,79,2018
Dwight Buycks,PG,28,DET,29,14.7,2.8,,0.5,1.6,,5.3,1.2,1.4,1.3,7.4,80,2018
Bruno Caboclo,SF,22,TOT,12,8.9,0.8,2.6,0.3,1.4,,1.2,0.4,0.5,0.7,2.2,81,2018
Bruno Caboclo,SF,22,TOR,2,3.5,0.0,1.0,0.0,1.0,,0.0,0.0,0.0,0.5,0.0,81,2018
Bruno Caboclo,SF,22,SAC,10,10.0,0.9,2.9,0.3,1.5,,1.4,0.5,0.6,0.7,2.6,81,2018
José Calderón,PG,36,CLE,57,16.0,1.6,,0.8,1.7,0.8,1.5,0.4,0.5,1.4,4.5,82,2018
Kentavious Caldwell-Pope,SG,24,LAL,74,33.2,4.6,10.8,2.1,,2.4,5.2,2.1,2.6,2.0,13.4,83,2018
Isaiah Canaan,PG-SG,26,TOT,20,21.1,2.6,,1.1,3.3,,3.6,2.3,2.6,,8.6,84,2018
Isaiah Canaan,SG,26,HOU,1,4.0,0.0,,0.0,,,1.0,0.0,0.0,0.0,0.0,84,2018
Isaiah Canaan,PG,26,PHO,19,22.0,2.7,,1.2,3.5,,3.7,2.4,2.7,1.9,9.1,84,2018
Clint Capela,C,23,HOU,74,27.5,6.0,9.1,0.0,0.0,6.0,9.1,1.9,3.5,2.5,13.9,85,2018
DeMarre Carroll,PF,31,BRK,73,29.9,4.5,,2.0,5.4,2.5,5.4,2.6,3.4,2.3,13.5,86,2018
Vince Carter,SF,41,SAC,58,17.7,2.0,,1.0,2.8,1.0,2.0,0.5,0.6,1.7,5.4,87,2018
Michael Carter-Williams,PG,26,CHO,52,16.1,1.5,,0.3,1.1,1.2,3.3,1.4,1.7,1.9,4.6,88,2018
Alex Caruso,PG,23,LAL,37,15.2,1.4,3.1,0.4,1.2,1.0,2.0,0.6,0.8,1.4,3.6,89,2018
Omri Casspi,SF,29,GSW,53,14.0,2.3,,0.2,0.4,2.1,3.5,0.9,1.3,1.3,5.7,90,2018
Willie Cauley-Stein,C,24,SAC,73,28.0,5.3,10.6,0.0,0.2,5.3,10.4,2.1,3.4,2.5,12.8,91,2018
Tyler Cavanaugh,PF,23,ATL,39,13.3,1.7,3.9,0.8,2.3,0.9,1.6,0.4,0.5,1.6,4.7,92,2018
Mario Chalmers,PG,31,MEM,66,21.5,2.5,,0.8,2.9,1.7,3.8,1.8,2.1,2.7,7.7,93,2018
Tyson Chandler,C,35,PHO,46,25.0,2.6,,0.0,0.0,2.6,4.1,1.3,2.0,2.3,6.5,94,2018
Wilson Chandler,SF,30,DEN,74,31.7,3.8,,1.2,3.3,2.6,5.2,1.2,1.5,2.1,10.0,95,2018
Marquese Chriss,PF,20,PHO,72,21.2,2.8,6.6,0.8,2.6,2.0,4.0,1.3,2.2,2.8,7.7,96,2018
Ian Clark,SG,26,NOP,74,19.7,3.0,,0.8,,2.2,4.1,0.6,0.8,1.6,7.4,97,2018
Jordan Clarkson,SG,25,TOT,81,23.3,5.3,,1.4,,3.9,7.9,1.9,2.3,1.3,13.9,98,2018
Jordan Clarkson,SG,25,LAL,53,23.7,5.6,,1.3,,4.4,8.6,2.0,2.5,1.2,14.5,98,2018
Jordan Clarkson,SG,25,CLE,28,22.6,4.7,,1.6,,,6.4,1.7,2.1,1.6,12.6,98,2018
Gian Clavell,SG,24,DAL,7,9.1,0.9,2.6,0.9,,,0.4,0.3,0.3,1.1,2.9,99,2018
Antonius Cleveland,SG,23,TOT,17,7.2,0.5,1.2,0.2,,,1.0,0.2,0.4,1.4,1.4,100,2018
Antonius Cleveland,SG,23,DAL,13,6.2,0.3,1.1,0.0,,,1.0,0.2,0.3,0.8,0.8,100,2018
Antonius Cleveland,SG,23,ATL,4,10.5,1.0,1.8,0.8,,,1.0,0.5,0.5,3.0,3.3,100,2018
John Collins,PF,20,ATL,74,24.1,4.2,7.4,0.2,0.6,4.0,6.7,1.8,2.5,2.9,10.5,101,2018
Zach Collins,C,20,POR,66,15.8,1.7,4.4,0.5,1.7,1.2,2.7,0.4,0.6,2.0,4.4,102,2018
Kyle Collinsworth,SF,26,DAL,32,15.0,1.2,,0.1,0.5,,2.6,0.7,1.3,1.4,3.2,103,2018
Darren Collison,PG,30,IND,69,29.2,4.6,,1.4,3.0,3.2,6.3,1.8,2.1,1.8,12.4,104,2018
Nick Collison,PF,37,OKC,15,5.0,0.9,,0.0,0.0,,1.3,0.3,0.9,0.5,2.1,105,2018
Mike Conley,PG,30,MEM,12,31.1,5.3,,2.0,6.4,,7.6,4.4,5.5,2.0,17.1,106,2018
Pat Connaughton,SG,25,POR,82,18.1,2.0,,0.9,,1.1,2.2,0.5,0.5,1.5,5.4,107,2018
Quinn Cook,PG,24,GSW,33,22.4,3.7,7.6,1.4,3.2,,4.5,0.7,0.8,1.8,9.5,108,2018
Charles Cooke,SG,23,NOP,13,2.9,0.2,1.1,0.1,,,0.5,0.1,0.2,0.0,0.5,109,2018
Jack Cooley,PF,26,SAC,7,12.4,1.9,,0.0,0.0,,3.9,2.0,2.7,1.9,5.7,110,2018
Matt Costello,C,24,SAS,4,8.0,0.5,1.0,0.0,0.0,,1.0,0.0,0.0,1.8,1.0,111,2018
DeMarcus Cousins,C,27,NOP,48,36.2,8.5,,2.2,6.1,6.3,11.9,6.1,8.2,3.8,25.2,112,2018
Robert Covington,SF,27,PHI,80,31.7,4.3,,2.5,6.9,1.8,3.6,1.5,1.7,3.0,12.6,113,2018
Allen Crabbe,SG,25,BRK,75,29.3,4.5,,2.7,,1.8,3.9,1.5,1.8,2.2,13.2,114,2018
Torrey Craig,SF,27,DEN,39,16.1,1.6,,0.4,1.5,1.2,2.0,0.6,0.9,1.6,4.2,115,2018
Jamal Crawford,SG,37,MIN,80,20.7,3.9,,1.3,,2.6,5.4,1.3,1.4,1.1,10.3,116,2018
Jordan Crawford,SG,29,NOP,5,10.6,2.4,,1.6,,,2.6,0.2,0.2,1.4,6.6,117,2018
Jae Crowder,SF,27,TOT,80,26.1,3.4,,1.4,4.3,2.0,4.1,1.5,1.9,2.3,9.7,118,2018
Jae Crowder,SF,27,CLE,53,25.4,3.0,,1.2,3.6,1.8,3.5,1.5,1.7,2.3,8.6,118,2018
Jae Crowder,SF,27,UTA,27,27.6,4.2,,1.8,5.6,,5.3,1.6,2.1,2.3,11.8,118,2018
Dante Cunningham,SF,30,TOT,73,21.4,2.2,,0.8,2.3,1.5,2.7,0.4,0.7,1.5,5.7,119,2018
Dante Cunningham,SF,30,NOP,51,21.9,1.9,,0.7,2.1,1.3,2.3,0.4,0.7,1.5,5.0,119,2018
Dante Cunningham,SF,30,BRK,22,20.3,3.0,,1.0,2.7,,3.6,0.5,0.7,1.6,7.5,119,2018
Stephen Curry,PG,29,GSW,51,32.0,8.4,,4.2,9.8,4.2,7.1,5.5,5.9,2.2,26.4,120,2018
Troy Daniels,SG,26,PHO,79,20.5,2.9,,2.3,,0.6,1.5,0.7,0.8,1.7,8.9,121,2018
Anthony Davis,PF,24,NOP,75,36.4,10.4,19.5,0.7,2.2,9.7,17.3,6.6,8.0,2.1,28.1,122,2018
Deyonta Davis,C,21,MEM,62,15.2,2.6,4.3,0.0,0.0,2.6,4.3,0.6,0.9,2.0,5.8,123,2018
Ed Davis,C,28,POR,78,18.9,2.2,,0.0,0.0,2.2,3.7,0.9,1.4,2.4,5.3,124,2018
Dewayne Dedmon,C,28,ATL,62,24.9,4.0,,0.8,2.3,3.2,5.4,1.1,1.4,2.6,10.0,125,2018
Sam Dekker,PF,23,LAC,73,12.1,1.8,3.5,0.1,0.8,1.6,2.7,0.5,0.8,1.0,4.2,126,2018
Malcolm Delaney,PG,28,ATL,54,18.8,2.0,,0.9,2.3,1.2,3.0,1.4,1.7,1.5,6.3,127,2018
Matthew Dellavedova,PG,27,MIL,38,18.7,1.4,,0.8,2.1,0.7,1.9,0.7,0.7,1.8,4.3,128,2018
Luol Deng,SF,32,LAL,1,13.0,1.0,,0.0,0.0,,2.0,0.0,0.0,0.0,2.0,129,2018
DeMar DeRozan,SG,28,TOR,80,33.9,8.1,,1.1,,7.0,14.1,5.8,7.0,1.9,23.0,130,2018
Cheick Diallo,PF,21,NOP,52,11.2,2.0,3.4,0.0,0.0,2.0,3.4,1.0,1.3,1.6,4.9,131,2018
Gorgui Dieng,C,28,MIN,79,16.9,2.4,,0.2,0.8,2.1,4.1,1.0,1.3,1.9,5.9,132,2018
Spencer Dinwiddie,PG,24,BRK,80,28.8,4.1,10.5,1.8,5.4,2.3,5.1,2.7,3.4,2.3,12.6,133,2018
Tyler Dorsey,SG,21,ATL,56,17.4,2.6,6.8,1.3,,1.3,3.3,0.8,1.1,1.1,7.2,134,2018
Damyean Dotson,SG,23,NYK,44,10.8,1.6,3.7,0.5,,1.1,2.1,0.4,0.5,0.8,4.1,135,2018
Milton Doyle,SG,24,BRK,10,12.5,1.3,4.7,0.4,,,2.4,0.4,0.8,1.3,3.4,136,2018
PJ Dozier,PG,21,OKC,2,1.5,0.5,1.0,0.0,0.0,,1.0,0.0,0.0,0.5,1.0,137,2018
Goran Dragić,PG,31,MIA,75,31.7,6.5,,1.5,4.0,5.0,10.3,2.9,3.6,2.4,17.3,138,2018
Larry Drew II,PG,27,TOT,10,7.0,0.7,,0.3,0.9,,1.5,0.0,0.0,0.6,1.7,139,2018
Larry Drew II,PG,27,PHI,3,5.0,0.3,,0.0,1.0,,1.3,0.0,0.0,0.7,0.7,139,2018
Larry Drew II,PG,27,NOP,7,7.9,0.9,,0.4,0.9,,1.6,0.0,0.0,0.6,2.1,139,2018
Andre Drummond,C,24,DET,78,33.7,6.0,11.3,0.0,0.1,6.0,11.2,3.1,5.1,3.2,15.0,140,2018
Jared Dudley,PF,32,PHO,48,14.3,1.0,,0.6,1.7,0.4,0.9,0.6,0.7,1.8,3.2,141,2018
Kris Dunn,PG,23,CHI,52,29.3,5.5,12.8,0.8,2.6,4.7,10.2,1.6,2.2,3.3,13.4,142,2018
Kevin Durant,SF,29,GSW,68,34.2,9.3,,2.5,6.1,6.7,11.9,5.3,5.9,2.0,26.4,143,2018
Jarell Eddie,SF,26,TOT,3,3.0,0.0,,0.0,0.7,,0.0,0.0,0.0,0.0,0.0,144,2018
Jarell Eddie,SF,26,BOS,2,3.0,0.0,,0.0,0.5,,0.0,0.0,0.0,0.0,0.0,144,2018
Jarell Eddie,SF,26,CHI,1,3.0,0.0,,0.0,1.0,,0.0,0.0,0.0,0.0,0.0,144,2018
Henry Ellenson,PF,21,DET,38,8.7,1.4,3.8,0.5,1.6,0.9,2.3,0.7,0.8,0.6,4.0,145,2018
Wayne Ellington,SG,30,MIA,77,26.5,3.7,,2.9,,0.8,1.6,0.9,1.0,1.2,11.2,146,2018
Joel Embiid,C,23,PHI,63,30.3,8.1,16.8,1.0,3.4,7.0,13.4,5.7,7.4,3.3,22.9,147,2018
James Ennis,SF,27,TOT,72,22.3,2.5,,0.7,2.1,1.8,3.2,1.3,1.6,1.9,7.1,148,2018
James Ennis,SF,27,MEM,45,23.4,2.4,,0.7,1.9,1.7,3.1,1.4,1.6,1.8,6.9,148,2018
James Ennis,SF,27,DET,27,20.4,2.7,,0.8,2.6,,3.4,1.2,1.6,2.0,7.5,148,2018
Tyler Ennis,PG,23,LAL,54,12.6,1.7,4.1,0.3,1.0,1.5,3.1,0.4,0.5,1.4,4.1,149,2018
Jawun Evans,PG,21,LAC,48,16.2,1.9,5.3,0.3,1.1,1.5,4.1,0.8,1.0,2.0,4.8,150,2018
Jeremy Evans,SF,30,ATL,1,5.0,1.0,,0.0,0.0,,1.0,0.0,0.0,1.0,2.0,151,2018
Tyreke Evans,PG,28,MEM,52,30.9,7.0,,2.2,5.5,4.8,10.1,3.2,4.0,1.8,19.4,152,2018
Dante Exum,PG,22,UTA,14,16.8,3.0,6.2,0.4,1.3,,4.9,1.8,2.2,1.4,8.1,153,2018
Kenneth Faried,PF,28,DEN,32,14.4,2.4,,0.0,0.0,,4.6,1.1,1.6,1.6,5.9,154,2018
Derrick Favors,C,26,UTA,77,28.0,5.1,,0.2,0.8,4.9,8.3,1.8,2.8,2.1,12.3,155,2018
Kay Felder,PG,22,TOT,16,8.8,1.3,4.4,0.3,1.2,,3.2,0.7,0.8,0.7,3.6,156,2018
Kay Felder,PG,22,CHI,14,9.6,1.4,4.7,0.3,1.3,,3.4,0.8,0.9,0.8,3.9,156,2018
Kay Felder,PG,22,DET,2,3.0,0.5,2.0,0.0,0.5,,1.5,0.0,0.0,0.0,1.0,156,2018
Cristiano Felício,C,25,CHI,55,17.8,2.3,,0.0,0.0,2.3,3.9,1.0,1.5,1.9,5.6,157,2018
Raymond Felton,PG,33,OKC,82,16.6,2.7,,1.0,2.8,1.7,3.9,0.4,0.5,1.1,6.9,158,2018
Terrance Ferguson,SG,19,OKC,61,12.5,1.1,2.8,0.7,,0.5,0.8,0.1,0.2,1.4,3.1,159,2018
Yogi Ferrell,SG,24,DAL,82,27.8,3.8,8.9,1.6,,2.2,4.5,1.0,1.3,1.9,10.2,160,2018
Dorian Finney-Smith,PF,24,DAL,21,21.3,2.2,5.8,1.0,3.2,,2.6,0.5,0.7,2.0,5.9,161,2018
Bryn Forbes,SG,24,SAS,80,19.0,2.6,6.2,1.1,,1.5,3.4,0.6,0.9,1.4,6.9,162,2018
Evan Fournier,SF,25,ORL,57,32.2,6.5,,2.2,5.9,4.2,8.2,2.6,3.0,2.4,17.8,163,2018
De'Aaron Fox,PG,20,SAC,73,27.8,4.5,10.9,0.6,2.1,3.8,8.8,1.9,2.7,2.2,11.6,164,2018
Tim Frazier,PG,27,WAS,59,14.2,1.2,,0.3,0.9,0.9,2.0,0.4,0.5,1.6,3.0,165,2018
Channing Frye,C,34,TOT,53,13.1,2.0,,0.7,2.2,1.2,1.8,0.3,0.4,1.3,5.0,166,2018
Channing Frye,C,34,CLE,44,12.4,1.9,,0.7,2.0,1.2,1.8,0.3,0.3,1.2,4.8,166,2018
Channing Frye,C,34,LAL,9,16.7,2.2,,1.0,2.8,,2.0,0.3,0.4,1.7,5.8,166,2018
Markelle Fultz,SG,19,PHI,14,18.1,3.2,7.9,0.0,,,7.9,0.7,1.5,1.6,7.1,167,2018
Danilo Gallinari,SF,29,LAC,21,32.0,4.9,,1.7,5.3,,6.9,3.9,4.1,1.4,15.3,168,2018
Langston Galloway,SG,26,DET,58,14.9,2.2,,1.3,,0.9,2.1,0.6,0.7,0.7,6.2,169,2018
Marc Gasol,C,33,MEM,73,33.0,5.9,,1.5,4.4,4.5,9.8,3.8,4.6,2.5,17.2,170,2018
Pau Gasol,C,37,SAS,77,23.5,3.7,,0.6,1.6,3.2,6.6,2.1,2.7,1.6,10.1,171,2018
Rudy Gay,PF,31,SAS,57,21.6,4.4,,0.6,2.1,3.8,7.4,2.0,2.5,1.7,11.5,172,2018
Paul George,SF,27,OKC,79,36.6,7.3,,3.1,7.7,4.2,9.3,4.3,5.2,2.9,21.9,173,2018
Marcus Georges-Hunt,SG,23,MIN,42,5.3,0.5,1.1,0.1,,0.4,0.8,0.3,0.5,0.8,1.4,174,2018
Jonathan Gibson,PG,30,BOS,4,10.0,3.5,,1.5,3.0,,2.8,0.0,0.0,1.3,8.5,175,2018
Taj Gibson,PF,32,MIN,82,33.2,5.2,,0.1,0.4,5.1,8.6,1.7,2.3,2.7,12.2,176,2018
Manu Ginóbili,SG,40,SAS,65,20.0,3.1,,1.0,,2.1,4.2,1.7,2.0,1.9,8.9,177,2018
Rudy Gobert,C,25,UTA,56,32.4,4.9,,0.0,0.0,4.9,7.9,3.6,5.3,2.7,13.5,178,2018
Aaron Gordon,PF,22,ORL,58,32.9,6.5,14.9,2.0,5.9,4.5,9.0,2.7,3.9,1.9,17.6,179,2018
Eric Gordon,SG,29,HOU,69,31.2,6.0,,3.2,,2.9,5.2,2.8,3.5,1.7,18.0,180,2018
Marcin Gortat,C,33,WAS,82,25.3,3.5,,0.0,0.0,3.5,6.8,1.3,2.0,2.1,8.4,181,2018
Treveon Graham,SG,24,CHO,63,16.7,1.5,3.5,0.6,,0.9,2.0,0.7,0.9,1.7,4.3,182,2018
Jerami Grant,PF,23,OKC,81,20.3,3.0,5.6,0.4,1.4,2.6,4.3,2.0,3.0,1.9,8.4,183,2018
Jerian Grant,PG,25,CHI,74,22.8,2.8,,0.8,2.5,2.0,4.3,1.9,2.5,1.8,8.4,184,2018
Josh Gray,PG,24,PHO,5,17.2,2.2,8.2,0.6,2.6,,5.6,1.4,2.2,1.6,6.4,185,2018
Danny Green,SG,30,SAS,70,25.6,3.1,,1.7,,1.4,3.4,0.7,0.9,1.7,8.6,186,2018
Draymond Green,PF,27,GSW,70,32.7,4.0,,1.1,3.7,2.9,5.2,1.9,2.5,2.6,11.0,187,2018
Gerald Green,SG,32,HOU,41,22.7,4.1,,2.7,,1.4,2.8,1.2,1.5,2.1,12.1,188,2018
JaMychal Green,PF,27,MEM,55,28.0,4.1,,0.8,2.3,3.3,6.6,1.5,2.0,2.8,10.3,189,2018
Jeff Green,PF,31,CLE,78,23.4,3.8,,0.7,2.2,3.1,5.7,2.6,3.0,1.9,10.8,190,2018
Blake Griffin,PF,28,TOT,58,34.0,7.5,,1.9,5.6,5.6,11.6,4.5,5.7,2.4,21.4,191,2018
Blake Griffin,PF,28,LAC,33,34.5,7.7,,1.9,5.7,,11.8,5.2,6.6,2.4,22.6,191,2018
Blake Griffin,PF,28,DET,25,33.2,7.2,,1.9,5.4,,11.3,3.5,4.4,2.4,19.8,191,2018
Daniel Hamilton,SG,22,OKC,6,4.7,0.8,1.8,0.3,,,1.0,0.0,0.0,0.3,2.0,192,2018
Tim Hardaway Jr.,SG,25,NYK,57,33.1,6.3,,2.3,,4.0,7.8,2.6,3.1,2.2,17.5,193,2018
James Harden,SG,28,HOU,72,35.4,9.0,,3.7,,5.4,10.1,8.7,10.1,2.3,30.4,194,2018
Maurice Harkless,SF,24,POR,59,21.4,2.5,5.0,0.8,2.0,1.7,3.0,0.7,1.0,1.7,6.5,195,2018
Montrezl Harrell,C,24,LAC,76,17.0,4.6,7.2,0.0,0.1,4.6,7.1,1.8,2.9,1.9,11.0,196,2018
Devin Harris,PG,34,TOT,71,18.9,2.6,,1.1,3.2,1.5,3.2,2.0,2.4,2.2,8.4,197,2018
Devin Harris,PG,34,DAL,44,18.3,2.7,,1.0,2.8,1.7,3.6,2.1,2.5,2.3,8.5,197,2018
Devin Harris,PG,34,DEN,27,19.7,2.6,,1.3,3.8,,2.5,1.8,2.1,2.0,8.2,197,2018
Gary Harris,SG,23,DEN,67,34.4,6.6,13.6,2.3,,4.2,7.7,2.0,2.4,1.8,17.5,198,2018
Joe Harris,SG,26,BRK,78,25.3,3.9,,1.9,,2.0,3.4,1.1,1.3,2.0,10.8,199,2018
Tobias Harris,PF,25,TOT,80,33.4,7.0,,2.3,5.6,4.7,9.7,2.2,2.7,2.1,18.6,200,2018
Tobias Harris,PF,25,DET,48,32.6,6.7,,2.4,5.8,4.3,9.0,2.4,2.8,1.9,18.1,200,2018
Tobias Harris,PF,25,LAC,32,34.5,7.6,,2.2,5.3,,10.7,2.0,2.5,2.3,19.3,200,2018
Aaron Harrison,SG,23,DAL,9,25.9,2.1,7.7,1.0,,,2.9,1.4,1.9,3.0,6.7,201,2018
Andrew Harrison,PG,23,MEM,56,23.7,3.2,7.7,0.8,2.5,2.4,5.1,2.2,2.8,2.5,9.5,202,2018
Shaquille Harrison,PG,24,PHO,23,16.7,2.6,5.4,0.3,1.1,,4.3,1.2,1.7,1.8,6.6,203,2018
Josh Hart,SG,22,LAL,63,23.2,2.8,6.0,1.2,,1.6,2.8,1.0,1.5,1.7,7.9,204,2018
Udonis Haslem,C,37,MIA,14,5.1,0.2,,0.1,0.6,,0.5,0.1,0.1,0.2,0.6,205,2018
Nigel Hayes,SF,23,TOT,9,13.6,1.2,3.7,0.4,1.8,,1.9,0.1,0.3,0.9,3.0,206,2018
Nigel Hayes,SF,23,LAL,2,5.5,0.5,1.5,0.0,1.0,,0.5,0.5,0.5,0.0,1.5,206,2018
Nigel Hayes,SF,23,TOR,2,3.0,1.0,1.0,1.0,1.0,,0.0,0.0,0.0,0.0,3.0,206,2018
Nigel Hayes,SF,23,SAC,5,21.0,1.6,5.6,0.4,2.4,,3.2,0.0,0.4,1.6,3.6,206,2018
Gordon Hayward,SF,27,BOS,1,5.0,1.0,,0.0,1.0,,1.0,0.0,0.0,1.0,2.0,207,2018
Reggie Hearn,SG,26,DET,3,2.3,0.3,,0.3,,,0.0,0.0,0.0,0.0,1.0,208,2018
Myke Henry,SF,25,MEM,20,18.9,2.1,,1.0,2.9,,2.6,0.3,0.5,1.4,5.4,209,2018
John Henson,C,27,MIL,76,25.9,3.8,,0.0,0.1,3.8,6.5,1.2,2.1,2.7,8.8,210,2018
Juan Hernangómez,PF,22,DEN,25,11.1,1.2,3.0,0.6,2.0,,1.0,0.4,0.5,1.0,3.3,211,2018
Willy Hernangómez,C,23,TOT,48,10.3,1.9,3.4,0.1,0.3,1.8,3.2,1.2,1.9,1.3,5.1,212,2018
Willy Hernangómez,C,23,NYK,26,9.0,1.9,3.1,0.0,0.2,,2.9,0.5,1.1,1.2,4.3,212,2018
Willy Hernangómez,C,23,CHO,22,11.9,1.9,3.8,0.2,0.3,,3.5,2.1,2.8,1.5,6.1,212,2018
Mario Hezonja,SF,22,ORL,75,22.1,3.6,8.2,1.2,3.6,2.4,4.7,1.1,1.4,1.8,9.6,213,2018
Isaiah Hicks,PF,23,NYK,18,13.3,1.8,4.0,0.1,0.5,,3.5,0.7,1.0,2.5,4.4,214,2018
Buddy Hield,SG,25,SAC,80,25.3,5.2,,2.2,,3.0,6.6,0.9,1.0,1.9,13.5,215,2018
Nenê,C,35,HOU,52,14.6,2.6,,0.0,0.0,2.6,4.6,1.3,2.1,2.4,6.5,216,2018
George Hill,PG,31,TOT,67,27.0,3.5,,1.3,3.1,2.3,4.6,1.6,2.1,1.9,10.0,217,2018
George Hill,PG,31,SAC,43,26.6,3.6,,1.3,3.0,2.2,4.6,1.8,2.3,1.7,10.3,217,2018
George Hill,PG,31,CLE,24,27.9,3.5,,1.1,3.2,,4.6,1.4,1.7,2.2,9.4,217,2018
Solomon Hill,SF,26,NOP,12,15.6,0.9,,0.3,1.8,,1.7,0.3,0.5,1.8,2.4,218,2018
Darrun Hilliard,SG,24,SAS,14,6.8,0.4,1.4,0.0,,,0.9,0.4,0.5,0.5,1.1,219,2018
Jrue Holiday,SG,27,NOP,81,36.1,7.6,,1.5,,6.1,11.0,2.3,2.9,2.5,19.0,220,2018
Justin Holiday,SG,28,CHI,72,31.5,4.0,,2.2,,1.8,4.6,1.9,2.3,1.9,12.2,221,2018
John Holland,SF,29,CLE,24,7.3,0.7,,0.5,1.5,,1.0,0.4,0.5,0.4,2.3,222,2018
Rondae Hollis-Jefferson,SF,23,BRK,68,28.2,5.0,10.6,0.2,0.8,4.8,9.9,3.7,4.6,2.1,13.9,223,2018
Richaun Holmes,C,24,PHI,48,15.5,2.8,5.0,0.1,0.6,2.7,4.4,0.8,1.2,2.0,6.5,224,2018
Rodney Hood,SG,25,TOT,60,26.9,5.4,,2.1,,3.3,7.0,1.9,2.2,1.8,14.7,225,2018
Rodney Hood,SG,25,UTA,39,27.8,6.0,,2.6,,3.4,7.4,2.2,2.5,1.6,16.8,225,2018
Rodney Hood,SG,25,CLE,21,25.3,4.2,,1.2,,,6.1,1.2,1.5,2.0,10.8,225,2018
Scotty Hopson,SG,28,DAL,1,8.0,0.0,,0.0,,,1.0,1.0,2.0,0.0,1.0,226,2018
Al Horford,C,31,BOS,72,31.6,5.1,,1.3,3.1,3.8,7.3,1.3,1.7,1.9,12.9,227,2018
Danuel House,SG,24,PHO,23,17.5,2.4,5.6,0.7,,,3.1,1.1,1.3,1.0,6.6,228,2018
Dwight Howard,C,32,CHO,81,30.4,6.2,,0.0,0.1,6.2,11.2,4.1,7.2,3.1,16.6,229,2018
Josh Huestis,PF,26,OKC,69,14.2,0.9,,0.5,1.7,0.4,1.0,0.1,0.3,1.2,2.3,230,2018
R.J. Hunter,SG,24,HOU,5,9.0,1.4,4.0,0.6,,,1.2,0.4,0.4,1.4,3.8,231,2018
Vince Hunter,PF,23,MEM,4,1.8,0.8,1.3,0.0,0.0,,1.3,0.0,0.0,0.0,1.5,232,2018
Serge Ibaka,PF,28,TOR,76,27.5,5.0,,1.4,3.9,3.6,6.4,1.2,1.6,2.8,12.6,233,2018
Andre Iguodala,SF,34,GSW,64,25.3,2.3,,0.5,1.8,1.8,3.2,0.9,1.4,1.5,6.0,234,2018
Ersan İlyasova,PF,30,TOT,69,25.1,4.0,,1.3,3.7,2.7,5.2,1.5,2.0,2.3,10.9,235,2018
Ersan İlyasova,PF,30,ATL,46,25.5,4.0,,1.3,3.7,2.7,5.0,1.6,2.0,2.0,10.9,235,2018
Ersan İlyasova,PF,30,PHI,23,24.1,4.0,,1.3,3.6,,5.6,1.4,2.0,2.8,10.8,235,2018
Joe Ingles,SF,30,UTA,82,31.4,4.1,,2.5,5.7,1.6,3.1,0.8,1.0,2.2,11.5,236,2018
Andre Ingram,SG,32,LAL,2,32.0,4.0,,2.5,,,4.0,1.5,1.5,1.5,12.0,237,2018
Brandon Ingram,SF,20,LAL,59,33.5,6.1,12.9,0.7,1.8,5.4,11.1,3.3,4.8,2.8,16.1,238,2018
Kyrie Irving,PG,25,BOS,60,32.2,8.9,,2.8,6.8,6.1,11.3,3.9,4.4,2.0,24.4,239,2018
Jonathan Isaac,PF,20,ORL,27,19.9,2.0,5.4,0.6,1.7,,3.7,0.7,0.9,1.8,5.4,240,2018
Wesley Iwundu,SF,23,ORL,62,16.5,1.5,3.5,0.1,0.7,1.4,2.8,0.5,0.8,1.3,3.7,241,2018
Jarrett Jack,PG,34,NYK,62,25.0,3.0,,0.4,1.4,2.6,5.8,1.0,1.2,1.6,7.5,242,2018
Aaron Jackson,PG,31,HOU,1,35.0,3.0,,1.0,4.0,,5.0,1.0,2.0,4.0,8.0,243,2018
Demetrius Jackson,PG,23,TOT,15,5.3,0.5,1.2,0.1,0.5,,0.7,0.1,0.1,0.5,1.1,244,2018
Demetrius Jackson,PG,23,HOU,12,5.3,0.3,1.2,0.0,0.5,,0.7,0.0,0.0,0.5,0.7,244,2018
Demetrius Jackson,PG,23,PHI,3,5.7,1.0,1.3,0.3,0.3,,1.0,0.3,0.7,0.3,2.7,244,2018
Josh Jackson,SF,20,PHO,77,25.4,5.1,12.1,0.7,2.8,4.3,9.3,2.3,3.6,2.8,13.1,245,2018
Justin Jackson,SF,22,SAC,68,22.1,2.7,6.2,0.8,2.7,1.9,3.4,0.4,0.5,1.2,6.7,246,2018
Reggie Jackson,PG,27,DET,45,26.7,5.5,,1.2,3.8,4.3,9.1,2.5,3.0,1.9,14.6,247,2018
LeBron James,PF,33,CLE,82,36.9,10.5,,1.8,5.0,8.6,14.3,4.7,6.5,1.7,27.5,248,2018
Mike James,PG,27,TOT,36,19.1,3.4,,0.7,2.7,2.7,6.2,1.8,2.3,1.3,9.3,249,2018
Mike James,PG,27,PHO,32,20.9,3.8,,0.8,3.0,,6.7,2.0,2.6,1.4,10.4,249,2018
Mike James,PG,27,NOP,4,4.5,0.5,,0.0,0.3,,2.0,0.0,0.0,0.8,1.0,249,2018
Al Jefferson,C,33,IND,36,13.4,3.1,,0.0,0.1,3.1,5.7,0.8,1.0,1.8,7.0,250,2018
Richard Jefferson,SF,37,DEN,20,8.2,0.6,,0.1,0.4,,1.0,0.2,0.4,0.6,1.5,251,2018
Brandon Jennings,PG,28,MIL,14,14.6,1.9,,0.6,2.4,,2.8,0.7,0.7,0.8,5.2,252,2018
Jonas Jerebko,PF,30,UTA,74,15.3,2.1,,0.9,2.1,1.3,2.5,0.6,0.8,1.7,5.8,253,2018
Amir Johnson,C,30,PHI,74,15.8,1.9,,0.1,0.4,1.8,3.1,0.7,1.1,2.6,4.6,254,2018
Brice Johnson,PF,23,TOT,18,5.4,1.1,2.3,0.0,0.1,,2.3,0.2,0.3,0.7,2.4,255,2018
Brice Johnson,PF,23,LAC,9,4.2,0.8,1.2,0.0,0.1,,1.1,0.2,0.2,0.8,1.8,255,2018
Brice Johnson,PF,23,MEM,9,6.7,1.4,3.4,0.0,0.0,,3.4,0.1,0.3,0.7,3.0,255,2018
Dakari Johnson,C,22,OKC,31,5.2,0.7,1.3,0.0,0.0,,1.3,0.4,0.6,0.9,1.8,256,2018
James Johnson,PF,30,MIA,73,26.6,4.2,,0.8,2.5,3.5,5.9,1.5,2.2,2.6,10.8,257,2018
Joe Johnson,SF,36,TOT,55,21.9,2.7,,0.7,2.6,1.9,3.9,0.7,0.8,1.2,6.8,258,2018
Joe Johnson,SF,36,UTA,32,21.9,3.0,,0.7,2.6,,4.4,0.6,0.8,1.0,7.3,258,2018
Joe Johnson,SF,36,HOU,23,22.0,2.2,,0.7,2.7,,3.2,0.9,0.9,1.5,6.0,258,2018
Omari Johnson,PF,28,MEM,4,18.8,2.3,,1.0,3.0,,2.3,0.0,0.0,1.5,5.5,259,2018
Stanley Johnson,SF,21,DET,69,27.4,3.0,8.1,1.0,3.4,2.1,4.7,1.6,2.1,2.4,8.7,260,2018
Tyler Johnson,PG,25,MIA,72,28.5,4.3,,1.7,4.5,2.6,5.4,1.5,1.8,2.1,11.7,261,2018
Wesley Johnson,SF,30,LAC,74,20.1,2.0,,0.8,2.4,1.2,2.6,0.6,0.8,2.0,5.4,262,2018
Nikola Jokić,C,22,DEN,75,32.6,6.7,13.5,1.5,3.7,5.2,9.7,3.5,4.2,2.8,18.5,263,2018
Damian Jones,C,22,GSW,15,5.9,0.7,1.5,0.0,0.0,,1.5,0.2,0.3,0.9,1.7,264,2018
Derrick Jones Jr.,SF,20,TOT,20,12.3,1.1,2.7,0.2,0.9,,1.8,0.8,1.2,1.2,3.1,265,2018
Derrick Jones Jr.,SF,20,PHO,6,5.5,0.3,0.7,0.0,0.3,,0.3,0.8,1.0,0.3,1.5,265,2018
Derrick Jones Jr.,SF,20,MIA,14,15.1,1.4,3.5,0.2,1.1,,2.4,0.8,1.3,1.6,3.7,265,2018
Jalen Jones,SF,24,TOT,16,11.3,1.6,4.3,0.6,1.6,,2.6,0.8,1.2,1.4,4.6,266,2018
Jalen Jones,SF,24,NOP,4,4.8,0.3,1.0,0.3,0.3,,0.8,0.5,0.5,0.5,1.3,266,2018
Jalen Jones,SF,24,DAL,12,13.5,2.1,5.3,0.8,2.1,,3.3,0.8,1.4,1.7,5.8,266,2018
Tyus Jones,PG,21,MIN,82,17.9,1.8,4.0,0.5,1.6,1.3,2.4,0.9,1.0,1.3,5.1,267,2018
DeAndre Jordan,C,29,LAC,77,31.5,4.8,,0.0,0.0,4.8,7.5,2.4,4.1,2.6,12.0,268,2018
Cory Joseph,PG,26,IND,82,27.0,3.1,,0.8,2.3,2.3,5.0,0.9,1.1,1.7,7.9,269,2018
Frank Kaminsky,PF,24,CHO,79,23.2,3.9,9.1,1.3,3.5,2.6,5.6,2.0,2.5,1.2,11.1,270,2018
Enes Kanter,C,25,NYK,71,25.8,5.9,,0.0,0.0,5.9,10.0,2.2,2.6,2.6,14.1,271,2018
Luke Kennard,SG,21,DET,73,20.0,2.8,6.4,1.1,,1.7,3.7,0.9,1.0,1.2,7.6,272,2018
Michael Kidd-Gilchrist,SF,24,CHO,74,25.0,3.8,7.6,0.0,0.0,3.8,7.5,1.6,2.3,1.9,9.2,273,2018
Sean Kilpatrick,SG,28,TOT,52,12.3,2.1,,0.9,,1.2,2.9,1.2,1.4,0.6,6.3,274,2018
Sean Kilpatrick,SG,28,BRK,16,11.4,1.6,,0.7,,,2.8,1.1,1.2,0.5,4.9,274,2018
Sean Kilpatrick,SG,28,MIL,23,8.9,1.3,,0.6,,,1.6,0.8,0.8,0.7,4.0,274,2018
Sean Kilpatrick,SG,28,LAC,4,9.5,1.8,,0.8,,,2.8,0.5,0.5,0.5,4.8,274,2018
Sean Kilpatrick,SG,28,CHI,9,23.8,5.2,,2.1,,,6.6,2.9,3.6,0.9,15.4,274,2018
Maxi Kleber,PF,26,DAL,72,16.8,2.1,,0.6,1.8,1.5,2.5,0.6,0.8,1.6,5.4,275,2018
Furkan Korkmaz,SG,20,PHI,14,5.7,0.6,2.0,0.4,,,0.8,0.1,0.3,0.9,1.6,276,2018
Luke Kornet,PF,22,NYK,20,16.3,2.5,6.3,1.4,4.0,,2.3,0.4,0.6,1.4,6.7,277,2018
Kyle Korver,SG,36,CLE,73,21.6,3.0,,2.2,,0.8,1.5,0.9,1.0,1.8,9.2,278,2018
Kosta Koufos,C,28,SAC,71,19.6,3.1,,0.0,0.0,3.1,5.5,0.5,1.0,2.1,6.7,279,2018
Kyle Kuzma,PF,22,LAL,77,31.2,6.1,13.5,2.1,5.6,4.0,7.9,1.9,2.7,2.1,16.1,280,2018
Mindaugas Kuzminskas,SF,28,NYK,1,2.0,0.0,,0.0,0.0,,2.0,0.0,0.0,0.0,0.0,281,2018
Skal Labissière,PF,21,SAC,60,20.7,3.4,7.6,0.3,0.9,3.1,6.8,1.6,2.0,2.2,8.7,282,2018
Jeremy Lamb,SG,25,CHO,80,24.6,4.8,,1.2,,3.6,7.2,2.2,2.6,1.7,12.9,283,2018
Shane Larkin,PG,25,BOS,54,14.4,1.6,,0.6,1.6,1.0,2.5,0.6,0.7,1.1,4.3,284,2018
Joffrey Lauvergne,C,26,SAS,55,9.7,1.8,,0.0,0.1,1.8,3.4,0.5,0.9,0.8,4.1,285,2018
Zach LaVine,SG,22,CHI,24,27.3,5.7,14.8,1.8,,,9.7,3.6,4.5,2.3,16.7,286,2018
Jake Layman,SF,23,POR,35,4.6,0.4,1.3,0.1,0.6,0.3,0.8,0.1,0.1,0.4,1.0,287,2018
T.J. Leaf,PF,20,IND,53,8.7,1.2,2.6,0.3,0.8,0.9,1.8,0.2,0.3,0.8,2.9,288,2018
Courtney Lee,SG,32,NYK,76,30.4,4.5,,1.5,,3.0,6.3,1.5,1.6,1.4,12.0,289,2018
Damion Lee,SG,25,ATL,15,26.9,4.1,,1.0,,,6.1,1.5,1.9,1.7,10.7,290,2018
Walt Lemon Jr.,PG,25,NOP,5,7.0,1.4,,0.2,0.2,,3.0,0.4,0.6,1.0,3.4,291,2018
Alex Len,C,24,PHO,69,20.2,3.1,5.5,0.0,0.0,3.1,5.4,2.3,3.3,2.3,8.5,292,2018
Kawhi Leonard,SF,26,SAS,9,23.3,5.8,,1.2,3.9,,8.4,3.4,4.2,1.0,16.2,293,2018
Meyers Leonard,C,25,POR,33,7.7,1.4,,0.3,0.8,,1.6,0.3,0.3,1.1,3.4,294,2018
Jon Leuer,PF,28,DET,8,17.0,1.9,,0.0,0.4,,4.1,1.6,1.9,2.0,5.4,295,2018
Caris LeVert,SF,23,BRK,71,26.3,4.5,10.4,1.2,3.5,3.3,6.9,1.9,2.6,2.2,12.1,296,2018
DeAndre Liggins,SG,29,TOT,58,12.5,0.7,,0.3,,0.4,0.9,0.0,0.1,1.4,1.7,297,2018
DeAndre Liggins,SG,29,MIL,31,15.5,0.7,,0.4,,,0.9,0.1,0.2,2.0,1.8,297,2018
DeAndre Liggins,SG,29,NOP,27,9.0,0.7,,0.3,,,0.9,0.0,0.0,0.7,1.6,297,2018
Damian Lillard,PG,27,POR,73,36.6,8.5,,3.1,8.6,5.4,10.8,6.8,7.4,1.6,26.9,298,2018
Jeremy Lin,PG,29,BRK,1,25.0,5.0,,1.0,2.0,,10.0,7.0,7.0,3.0,18.0,299,2018
Shaun Livingston,PG,32,GSW,71,15.9,2.4,,0.0,0.1,2.4,4.8,0.7,0.9,1.6,5.5,300,2018
Kevon Looney,C,21,GSW,66,13.8,1.7,2.9,0.0,0.1,1.7,2.8,0.6,1.2,1.6,4.0,301,2018
Brook Lopez,C,29,LAL,74,23.4,5.0,,1.5,4.4,3.5,6.3,1.5,2.1,2.6,13.0,302,2018
Robin Lopez,C,29,CHI,64,26.4,5.3,,0.1,0.2,5.3,9.9,1.1,1.4,1.7,11.8,303,2018
Kevin Love,C,29,CLE,59,28.0,5.7,,2.3,5.6,3.3,6.8,4.0,4.5,2.0,17.6,304,2018
Kyle Lowry,PG,31,TOR,78,32.2,5.2,,3.1,7.6,2.1,4.5,2.9,3.3,2.5,16.2,305,2018
Timothé Luwawu-Cabarrot,SF,22,PHI,52,15.5,1.9,5.1,1.0,3.0,0.9,2.1,0.9,1.1,1.9,5.8,306,2018
Tyler Lydon,PF,21,DEN,1,2.0,0.0,0.0,0.0,0.0,,0.0,0.0,0.0,0.0,0.0,307,2018
Trey Lyles,PF,22,DEN,73,19.1,3.7,7.5,1.1,3.0,2.6,4.5,1.4,2.0,1.5,9.9,308,2018
Shelvin Mack,PG,27,ORL,69,19.8,2.6,,0.7,2.0,1.9,4.0,1.0,1.4,1.3,6.9,309,2018
Josh Magette,PG,28,ATL,18,12.0,0.8,,0.4,1.2,,1.3,0.4,0.4,0.9,2.6,310,2018
Ian Mahinmi,C,31,WAS,77,14.9,1.8,,0.0,0.0,1.8,3.2,1.2,1.7,3.0,4.8,311,2018
Thon Maker,C,20,MIL,74,16.7,1.8,4.3,0.4,1.4,1.3,2.9,0.9,1.3,2.2,4.8,312,2018
Boban Marjanović,C,29,TOT,39,8.6,2.0,,0.0,0.0,2.0,3.8,2.0,2.5,1.3,6.0,313,2018
Boban Marjanović,C,29,DET,19,9.0,2.2,,0.0,0.0,,4.2,1.9,2.4,1.5,6.2,313,2018
Boban Marjanović,C,29,LAC,20,8.3,1.9,,0.0,0.0,,3.5,2.1,2.6,1.2,5.9,313,2018
Lauri Markkanen,PF,20,CHI,68,29.7,5.5,12.7,2.1,5.9,3.4,6.8,2.1,2.4,1.5,15.2,314,2018
Jarell Martin,PF,23,MEM,73,22.8,3.0,6.8,0.5,1.3,2.6,5.5,1.2,1.6,2.9,7.7,315,2018
Frank Mason III,PG,23,SAC,52,18.9,2.8,7.3,0.6,1.7,2.2,5.7,1.8,2.2,1.4,7.9,316,2018
Mangok Mathiang,C,25,CHO,4,5.0,1.0,,0.0,0.0,,1.8,0.0,0.3,1.3,2.0,317,2018
Wesley Matthews,SF,31,DAL,63,33.8,4.5,,2.4,6.4,2.1,4.7,1.3,1.6,2.2,12.7,318,2018
Luc Mbah a Moute,PF,31,HOU,61,25.6,2.7,,1.0,2.8,1.7,2.8,1.1,1.6,1.6,7.5,319,2018
James Michael McAdoo,PF,25,PHI,3,6.0,0.7,,0.7,2.3,,0.0,0.7,0.7,0.3,2.7,320,2018
Patrick McCaw,SG,22,GSW,57,16.9,1.6,3.9,0.3,,1.3,2.5,0.5,0.6,1.2,4.0,321,2018
CJ McCollum,SG,26,POR,81,36.1,8.2,,2.3,,5.9,12.7,2.6,3.1,2.1,21.4,322,2018
T.J. McConnell,PG,25,PHI,76,22.4,2.8,,0.4,0.8,2.4,4.7,0.4,0.5,1.6,6.3,323,2018
Erik McCree,SF,24,UTA,4,2.0,0.0,0.5,0.0,0.3,,0.3,0.0,0.0,0.0,0.0,324,2018
Chris McCullough,PF,22,WAS,19,4.7,0.9,2.2,0.1,0.4,,1.8,0.5,0.7,0.4,2.4,325,2018
Doug McDermott,SF,26,TOT,81,21.8,2.9,,1.1,2.7,1.8,3.6,0.8,1.0,1.5,7.8,326,2018
Doug McDermott,SF,26,NYK,55,21.3,2.7,,1.0,2.5,1.8,3.5,0.7,1.0,1.3,7.2,326,2018
Doug McDermott,SF,26,DAL,26,22.9,3.3,,1.5,3.0,,3.9,0.9,1.1,1.9,9.0,326,2018
JaVale McGee,C,30,GSW,65,9.5,2.1,,0.0,0.1,2.1,3.3,0.6,0.8,1.4,4.8,327,2018
Rodney McGruder,SG,26,MIA,18,16.6,2.0,,0.8,,,2.1,0.2,0.4,1.2,5.1,328,2018
Trey McKinney-Jones,SG,27,IND,1,1.0,0.0,,0.0,,,0.0,0.0,0.0,0.0,0.0,329,2018
Alfonzo McKinnie,SF,25,TOR,14,3.8,0.6,,0.2,0.6,,0.4,0.1,0.2,0.6,1.5,330,2018
Ben McLemore,SG,24,MEM,56,19.5,2.8,6.7,1.0,,1.8,3.8,0.9,1.1,2.5,7.5,331,2018
Josh McRoberts,PF,30,DAL,2,3.0,0.0,,0.0,0.5,,0.0,0.0,0.0,1.0,0.0,332,2018
Jodie Meeks,SG,30,WAS,77,14.5,2.0,,0.9,,1.1,2.4,1.3,1.5,0.7,6.3,333,2018
Salah Mejri,C,31,DAL,61,12.0,1.4,,0.0,0.0,1.4,2.2,0.6,1.1,2.0,3.5,334,2018
Jordan Mickey,PF,23,MIA,23,12.3,1.7,3.6,0.1,0.7,,2.9,0.6,0.8,1.6,4.0,335,2018
Khris Middleton,SF,26,MIL,82,36.4,7.2,,1.8,5.0,5.5,10.5,3.9,4.4,3.3,20.1,336,2018
C.J. Miles,SF,30,TOR,70,19.1,3.2,,2.3,6.5,0.9,2.1,1.2,1.4,1.9,10.0,337,2018
Darius Miller,SF,27,NOP,82,23.7,2.6,,1.8,4.4,0.8,1.6,0.7,0.8,2.0,7.8,338,2018
Malcolm Miller,SF,24,TOR,15,8.4,0.9,1.9,0.5,1.4,,0.5,0.3,0.3,0.7,2.5,339,2018
Patty Mills,PG,29,SAS,82,25.7,3.4,,1.9,5.0,1.5,3.3,1.3,1.4,1.6,10.0,340,2018
Paul Millsap,PF,32,DEN,38,30.1,5.3,,1.0,3.0,4.3,8.5,2.9,4.2,2.6,14.6,341,2018
Nikola Mirotić,PF,26,TOT,55,27.2,5.6,,2.5,6.5,3.1,5.9,2.0,2.5,2.0,15.6,342,2018
Nikola Mirotić,PF,26,CHI,25,24.9,5.7,,2.8,6.4,,5.6,2.6,3.2,1.8,16.8,342,2018
Nikola Mirotić,PF,26,NOP,30,29.1,5.4,,2.2,6.6,,6.2,1.6,1.9,2.1,14.6,342,2018
Donovan Mitchell,SG,21,UTA,79,33.4,7.5,17.2,2.4,,5.2,10.3,3.0,3.8,2.7,20.5,343,2018
Naz Mitrou-Long,SG,24,UTA,1,1.0,1.0,1.0,1.0,,,0.0,0.0,0.0,0.0,3.0,344,2018
Malik Monk,SG,19,CHO,63,13.6,2.4,6.7,1.3,,1.1,2.9,0.5,0.6,1.0,6.7,345,2018
Greg Monroe,C,27,TOT,51,20.4,4.3,,0.0,0.0,4.3,7.6,1.7,2.3,1.9,10.3,346,2018
Greg Monroe,C,27,MIL,5,15.8,3.2,,0.0,0.0,,6.6,0.4,0.8,1.4,6.8,346,2018
Greg Monroe,C,27,PHO,20,23.3,4.9,,0.0,0.0,,7.8,1.6,2.3,2.0,11.3,346,2018
Greg Monroe,C,27,BOS,26,19.1,4.0,,0.0,0.0,,7.6,2.1,2.7,1.8,10.2,346,2018
Luis Montero,SG,24,DET,2,4.0,0.0,0.5,0.0,,,0.5,0.0,0.0,0.0,0.0,347,2018
Ben Moore,PF,22,IND,2,4.5,0.0,0.0,0.0,0.0,,0.0,0.0,0.0,2.0,0.0,348,2018
E'Twaun Moore,SG,28,NOP,82,31.5,5.2,,1.6,,3.6,6.5,0.6,0.8,2.2,12.5,349,2018
Eric Moreland,PF,26,DET,67,12.0,1.0,,0.0,0.0,1.0,1.8,0.2,0.4,1.7,2.1,350,2018
Jaylen Morris,SG,22,ATL,6,16.3,2.2,5.3,0.3,,,3.7,0.0,0.0,0.3,4.7,351,2018
Marcus Morris,PF,28,BOS,54,26.7,4.9,,1.6,4.3,3.3,7.0,2.3,2.9,1.9,13.6,352,2018
Markieff Morris,PF,28,WAS,73,27.0,4.5,,1.0,2.8,3.5,6.6,1.4,1.8,3.0,11.5,353,2018
Monte Morris,PG,22,DEN,3,8.3,1.3,2.0,0.0,0.3,,1.7,0.7,0.7,0.3,3.3,354,2018
Johnathan Motley,PF,22,DAL,11,16.0,3.6,6.8,0.1,0.5,,6.3,1.4,2.5,1.6,8.7,355,2018
Timofey Mozgov,C,31,BRK,31,11.6,1.7,,0.1,0.6,,2.4,0.7,1.0,1.3,4.2,356,2018
Emmanuel Mudiay,PG,21,TOT,64,19.5,3.2,8.2,0.7,2.3,2.5,5.9,1.5,2.0,1.3,8.6,357,2018
Emmanuel Mudiay,PG,21,DEN,42,17.9,3.1,7.7,0.9,2.4,2.2,5.2,1.5,1.9,1.1,8.5,357,2018
Emmanuel Mudiay,PG,21,NYK,22,22.4,3.4,9.3,0.4,2.1,,7.2,1.6,2.3,1.5,8.8,357,2018
Shabazz Muhammad,SF-SG,25,TOT,43,9.7,2.0,,0.2,0.6,1.8,3.7,0.9,1.2,,5.0,358,2018
Shabazz Muhammad,SF,25,MIN,32,9.4,1.5,,0.1,0.6,,3.2,0.7,1.0,0.7,3.8,358,2018
Shabazz Muhammad,SG,25,MIL,11,10.6,3.4,,0.3,,,5.4,1.5,1.7,0.6,8.5,358,2018
Xavier Munford,SG,25,MIL,6,3.5,0.2,,0.0,,,0.7,0.2,0.3,0.7,0.5,359,2018
Dejounte Murray,PG,21,SAS,81,21.5,3.3,7.5,0.1,0.4,3.2,7.1,1.3,1.8,1.9,8.1,360,2018
Jamal Murray,PG,20,DEN,81,31.7,5.9,13.1,2.0,5.4,3.9,7.7,2.8,3.1,2.1,16.7,361,2018
Mike Muscala,C,26,ATL,53,20.0,2.7,,1.2,3.2,1.5,2.7,1.1,1.2,1.5,7.6,362,2018
Abdel Nader,SF,24,BOS,48,10.9,1.0,3.1,0.5,1.4,0.6,1.8,0.5,0.8,0.9,3.0,363,2018
Larry Nance Jr.,C,25,TOT,66,21.5,3.6,,0.0,0.2,3.6,6.1,1.4,2.1,2.6,8.7,364,2018
Larry Nance Jr.,C,25,LAL,42,22.0,3.6,,0.0,0.1,3.6,5.9,1.3,2.1,2.7,8.6,364,2018
Larry Nance Jr.,C,25,CLE,24,20.8,3.7,,0.0,0.3,,6.3,1.5,2.1,2.5,8.9,364,2018
Shabazz Napier,PG,26,POR,74,20.7,3.0,,1.1,2.9,1.9,4.2,1.6,1.9,1.1,8.7,365,2018
Jameer Nelson,PG,35,TOT,50,20.3,1.9,,0.8,2.5,1.1,2.4,0.3,0.4,1.6,4.9,366,2018
Jameer Nelson,PG,35,NOP,43,20.9,2.0,,0.9,2.6,1.0,2.2,0.3,0.4,1.6,5.1,366,2018
Jameer Nelson,PG,35,DET,7,16.6,1.6,,0.1,2.0,,3.6,0.4,0.4,2.0,3.7,366,2018
Raul Neto,PG,25,UTA,41,12.1,1.7,,0.5,1.1,1.2,2.5,0.6,0.9,0.9,4.5,367,2018
Georges Niang,PF,24,UTA,9,3.6,0.4,1.2,0.0,0.4,,0.8,0.1,0.2,0.1,1.0,368,2018
Joakim Noah,C,32,NYK,7,5.7,0.7,,0.0,0.0,,1.4,0.3,0.6,0.7,1.7,369,2018
Nerlens Noel,C,23,DAL,30,15.7,1.8,3.5,0.0,0.0,,3.5,0.7,0.9,2.0,4.4,370,2018
Lucas Nogueira,C,25,TOR,49,8.5,1.0,,0.1,0.4,0.9,1.2,0.4,0.6,1.0,2.5,371,2018
Dirk Nowitzki,C,39,DAL,77,24.7,4.5,,1.8,4.4,2.7,5.5,1.3,1.4,1.9,12.0,372,2018
Frank Ntilikina,PG,19,NYK,78,21.9,2.3,6.4,0.6,2.0,1.7,4.4,0.6,0.9,2.3,5.9,373,2018
Jusuf Nurkić,C,23,POR,79,26.4,6.1,12.0,0.0,0.1,6.1,11.9,2.2,3.5,3.1,14.3,374,2018
David Nwaba,SG,25,CHI,70,23.5,2.9,,0.3,,2.6,5.3,1.9,2.9,2.3,7.9,375,2018
Johnny O'Bryant,PF,24,CHO,36,10.5,1.9,4.8,0.4,1.2,1.5,3.6,0.6,0.7,1.3,4.8,376,2018
Royce O'Neale,SF,24,UTA,69,16.7,1.7,4.1,0.6,1.7,1.1,2.4,0.9,1.1,1.5,5.0,377,2018
Kyle O'Quinn,C,27,NYK,77,18.0,2.9,,0.1,0.2,2.9,4.8,1.3,1.6,2.5,7.1,378,2018
Semi Ojeleye,PF,23,BOS,73,15.8,0.9,2.6,0.5,1.7,0.3,0.9,0.3,0.6,1.2,2.7,379,2018
Emeka Okafor,C,35,NOP,26,13.6,1.8,,0.0,0.0,,3.7,0.7,0.8,1.2,4.4,380,2018
Jahlil Okafor,C,22,TOT,28,12.6,2.8,4.9,0.0,0.1,,4.8,0.8,1.0,1.8,6.3,381,2018
Jahlil Okafor,C,22,PHI,2,12.5,2.0,4.5,0.0,0.0,,4.5,1.0,2.0,3.5,5.0,381,2018
Jahlil Okafor,C,22,BRK,26,12.6,2.8,5.0,0.0,0.2,,4.8,0.7,1.0,1.7,6.4,381,2018
Victor Oladipo,SG,25,IND,75,34.0,8.5,,2.1,,6.4,12.1,3.9,4.9,2.3,23.1,382,2018
Kelly Olynyk,PF,26,MIA,76,23.4,4.2,,1.4,3.7,2.8,4.7,1.8,2.3,2.9,11.5,383,2018
Chinanu Onuaku,C,21,HOU,1,22.0,2.0,5.0,0.0,0.0,,5.0,0.0,0.0,4.0,4.0,384,2018
Cedi Osman,SF,22,CLE,61,11.0,1.5,3.0,0.5,1.4,1.0,1.6,0.4,0.8,1.3,3.9,385,2018
Kelly Oubre Jr.,SF,22,WAS,81,27.5,3.9,9.8,1.6,4.6,2.4,5.2,2.4,2.9,2.9,11.8,386,2018
Zaza Pachulia,C,33,GSW,69,14.1,2.2,,0.0,0.0,2.2,3.8,1.1,1.3,1.8,5.4,387,2018
Marcus Paige,PG,24,CHO,5,5.6,0.8,2.8,0.4,1.6,,1.2,0.4,0.4,0.0,2.4,388,2018
Georgios Papagiannis,C,20,TOT,17,7.2,1.1,2.5,0.0,0.0,,2.5,0.0,0.0,0.7,2.1,389,2018
Georgios Papagiannis,C,20,SAC,16,7.4,1.1,2.6,0.0,0.0,,2.6,0.0,0.0,0.8,2.1,389,2018
Georgios Papagiannis,C,20,POR,1,4.0,1.0,1.0,0.0,0.0,,1.0,0.0,0.0,0.0,2.0,389,2018
Jabari Parker,PF,22,MIL,31,24.0,5.2,10.7,1.0,2.6,,8.1,1.3,1.7,1.6,12.6,390,2018
Tony Parker,PG,35,SAS,55,19.5,3.2,,0.2,0.7,3.1,6.4,1.0,1.4,0.9,7.7,391,2018
Chandler Parsons,SF,29,MEM,36,19.2,3.0,,1.4,3.4,1.6,3.1,0.5,0.8,1.5,7.9,392,2018
Patrick Patterson,PF,28,OKC,82,15.5,1.3,,0.8,2.1,0.5,1.2,0.5,0.6,1.1,3.9,393,2018
Justin Patton,C,20,MIN,1,4.0,1.0,2.0,0.0,0.0,,2.0,0.0,0.0,1.0,2.0,394,2018
Brandon Paul,SG,26,SAS,64,9.0,0.9,,0.2,,0.6,1.1,0.3,0.7,0.9,2.3,395,2018
Chris Paul,PG,32,HOU,58,31.8,6.3,,2.5,6.5,3.8,7.2,3.5,3.8,2.4,18.6,396,2018
Adreian Payne,PF,26,ORL,5,8.6,1.4,,0.4,0.6,,1.4,1.0,1.2,1.2,4.2,397,2018
Cameron Payne,PG,23,CHI,25,23.3,3.5,8.6,1.4,3.6,,5.0,0.5,0.6,1.8,8.8,398,2018
Elfrid Payton,PG,23,TOT,63,28.7,5.2,10.6,0.5,1.5,4.7,9.1,1.7,2.7,2.3,12.7,399,2018
Elfrid Payton,PG,23,ORL,44,28.6,5.4,10.4,0.6,1.5,4.8,8.9,1.6,2.6,2.2,13.0,399,2018
Elfrid Payton,PG,23,PHO,19,29.0,4.8,11.0,0.3,1.3,,9.7,1.9,2.8,2.6,11.8,399,2018
Gary Payton II,PG,25,TOT,23,9.6,1.3,,0.3,1.1,,2.1,0.1,0.4,1.3,3.0,400,2018
Gary Payton II,PG,25,MIL,12,8.8,1.1,,0.2,1.0,,1.8,0.2,0.3,1.4,2.5,400,2018
Gary Payton II,PG,25,LAL,11,10.5,1.5,,0.4,1.2,,2.5,0.1,0.5,1.2,3.5,400,2018
Kendrick Perkins,C,33,CLE,1,15.0,1.0,,0.0,0.0,,2.0,1.0,2.0,1.0,3.0,401,2018
London Perrantes,PG,23,CLE,14,4.7,0.1,0.9,0.0,0.2,,0.7,0.2,0.4,0.4,0.5,402,2018
Alec Peters,PF,22,PHO,20,11.3,1.4,3.7,0.9,2.9,,0.8,0.4,0.5,0.7,4.1,403,2018
Marshall Plumlee,C,25,MIL,8,6.5,0.1,,0.0,0.0,,0.4,1.5,2.0,1.3,1.8,404,2018
Mason Plumlee,C,27,DEN,74,19.4,3.0,,0.0,0.0,3.0,5.0,1.1,2.4,2.5,7.1,405,2018
Miles Plumlee,C,29,ATL,55,16.7,1.9,,0.0,0.0,1.9,3.3,0.5,1.1,1.4,4.3,406,2018
Jakob Poeltl,C,22,TOR,82,18.6,3.1,4.7,0.0,0.0,3.1,4.7,0.7,1.2,2.6,6.9,407,2018
Quincy Pondexter,SF,29,CHI,23,8.5,0.6,,0.1,1.0,,1.2,0.6,0.7,1.0,2.0,408,2018
Otto Porter,SF,24,WAS,77,31.6,5.8,11.5,1.8,4.1,4.0,7.4,1.4,1.7,2.0,14.7,409,2018
Bobby Portis,PF,22,CHI,73,22.5,5.2,11.1,1.1,3.1,4.1,8.1,1.6,2.1,1.8,13.2,410,2018
Kristaps Porziņģis,PF,22,NYK,48,32.4,8.1,18.5,1.9,4.8,6.3,13.8,4.5,5.7,2.9,22.7,411,2018
Dwight Powell,C,26,DAL,79,21.2,3.2,,0.4,1.1,2.9,4.4,1.7,2.3,2.4,8.5,412,2018
Norman Powell,SG,24,TOR,70,15.2,2.1,5.3,0.8,,1.4,2.7,0.5,0.6,1.6,5.5,413,2018
Alex Poythress,PF,24,IND,25,4.2,0.4,1.0,0.2,0.4,,0.6,0.0,0.0,0.6,1.0,414,2018
Taurean Prince,SF,23,ATL,82,30.0,5.1,11.9,2.1,5.6,2.9,6.3,1.9,2.2,2.0,14.1,415,2018
Jacob Pullen,PG,28,PHI,3,2.0,0.3,,0.0,0.3,,0.3,0.0,0.0,0.0,0.7,416,2018
Rodney Purvis,SG,23,ORL,16,18.1,2.2,6.7,0.8,,,3.4,0.8,0.9,1.6,6.0,417,2018
Zhou Qi,C,22,HOU,18,6.9,0.3,1.8,0.1,1.1,,0.7,0.4,0.7,0.8,1.2,418,2018
Tim Quarterman,SG,23,HOU,3,4.3,0.3,1.0,0.0,,,0.3,0.7,0.7,0.3,1.3,419,2018
Ivan Rabb,PF,20,MEM,36,14.3,2.4,4.2,0.0,0.0,2.4,4.2,0.8,1.0,1.5,5.6,420,2018
Julius Randle,C,23,LAL,82,26.7,6.1,11.0,0.1,0.5,6.0,10.5,3.7,5.2,3.3,16.1,421,2018
Zach Randolph,PF,36,SAC,59,25.6,6.1,,0.9,2.5,5.3,10.4,1.4,1.8,2.0,14.5,422,2018
Xavier Rathan-Mayes,SG,23,MEM,5,23.6,2.4,8.4,0.2,,,5.6,0.8,1.8,3.6,5.8,423,2018
J.J. Redick,SG,33,PHI,70,30.2,5.8,,2.8,,3.0,6.0,2.8,3.1,1.8,17.1,424,2018
Davon Reed,SG,22,PHO,21,11.5,1.0,3.6,0.5,,,1.8,0.4,0.6,0.8,3.0,425,2018
Willie Reed,C,27,TOT,42,10.2,1.9,,0.0,0.0,1.9,2.8,0.8,1.3,1.3,4.6,426,2018
Willie Reed,C,27,LAC,39,10.7,2.1,,0.0,0.1,2.0,3.0,0.8,1.4,1.4,4.9,426,2018
Willie Reed,C,27,DET,3,3.0,0.3,,0.0,0.0,,0.3,0.0,0.0,1.0,0.7,426,2018
Josh Richardson,SF,24,MIA,81,33.2,4.9,10.9,1.6,4.1,3.4,6.8,1.5,1.8,2.5,12.9,427,2018
Malachi Richardson,SG,22,TOT,26,12.5,1.2,3.5,0.5,,,1.9,0.7,0.8,1.0,3.4,428,2018
Malachi Richardson,SG,22,SAC,25,12.8,1.2,3.5,0.5,,,2.0,0.7,0.9,1.1,3.5,428,2018
Malachi Richardson,SG,22,TOR,1,5.0,1.0,2.0,0.0,,,1.0,0.0,0.0,0.0,2.0,428,2018
Austin Rivers,SG,25,LAC,61,33.7,5.6,,2.2,,3.4,7.3,1.7,2.6,2.5,15.1,429,2018
Andre Roberson,SG,26,OKC,39,26.6,2.2,,0.2,,2.0,3.2,0.3,1.0,2.3,5.0,430,2018
Devin Robinson,SF,22,WAS,1,13.0,1.0,3.0,0.0,0.0,,3.0,0.0,0.0,2.0,2.0,431,2018
Glenn Robinson III,SF,24,IND,23,14.7,1.6,3.7,0.6,1.5,,2.2,0.4,0.5,0.6,4.1,432,2018
Rajon Rondo,PG,31,NOP,65,26.2,3.6,,0.8,2.3,2.8,5.3,0.4,0.7,1.8,8.3,433,2018
Derrick Rose,PG,29,TOT,25,16.8,3.2,,0.3,1.2,,6.2,1.6,1.8,0.6,8.4,434,2018
Derrick Rose,PG,29,CLE,16,19.3,3.6,,0.4,1.5,,6.8,2.2,2.6,0.9,9.8,434,2018
Derrick Rose,PG,29,MIN,9,12.4,2.6,,0.1,0.7,,5.3,0.6,0.6,0.2,5.8,434,2018
Terrence Ross,SG,26,ORL,24,25.0,3.2,,1.3,,,4.1,1.1,1.5,1.9,8.7,435,2018
Terry Rozier,PG,23,BOS,80,25.9,4.0,10.0,1.9,5.0,2.0,5.0,1.4,1.9,1.5,11.3,436,2018
Ricky Rubio,PG,27,UTA,77,29.3,4.5,,1.2,3.5,3.2,7.2,2.9,3.3,2.7,13.1,437,2018
D'Angelo Russell,PG,21,BRK,48,25.7,5.8,14.0,1.9,5.8,3.9,8.2,2.0,2.7,1.9,15.5,438,2018
Domantas Sabonis,C,21,IND,74,24.5,4.6,8.9,0.2,0.5,4.4,8.4,2.3,3.0,3.0,11.6,439,2018
JaKarr Sampson,SF,24,SAC,22,15.6,2.0,3.7,0.2,0.5,,3.2,0.5,0.7,2.2,4.7,440,2018
Dario Šarić,PF,23,PHI,78,29.6,5.2,11.4,2.0,5.1,3.2,6.3,2.3,2.7,2.1,14.6,441,2018
Tomáš Satoranský,SG,26,WAS,73,22.5,2.8,,0.6,,2.1,3.9,1.0,1.3,1.8,7.2,442,2018
Dennis Schröder,PG,24,ATL,67,31.0,7.5,17.1,1.1,3.9,6.3,13.2,3.4,4.0,2.2,19.4,443,2018
Mike Scott,PF,29,WAS,76,18.5,3.6,,0.9,2.1,2.8,4.8,0.7,1.0,1.9,8.8,444,2018
Thabo Sefolosha,SF,33,UTA,38,21.2,3.1,,0.8,2.2,2.3,4.1,1.2,1.4,1.6,8.2,445,2018
Wayne Selden,SG,23,MEM,35,19.8,3.3,7.7,1.4,,1.9,4.2,1.3,1.7,1.7,9.3,446,2018
Ramon Sessions,PG,31,TOT,28,14.0,1.5,,0.3,0.9,,3.3,1.6,2.0,1.0,4.9,447,2018
Ramon Sessions,PG,31,NYK,13,12.8,1.3,,0.2,0.8,,3.2,0.9,1.2,1.1,3.7,447,2018
Ramon Sessions,PG,31,WAS,15,15.0,1.7,,0.4,1.0,,3.3,2.1,2.8,1.0,5.9,447,2018
Iman Shumpert,SG,27,CLE,14,19.7,1.6,,0.5,,,2.3,0.8,1.1,1.6,4.4,448,2018
Pascal Siakam,PF,23,TOR,81,20.7,3.1,6.1,0.4,1.6,2.8,4.5,0.7,1.1,2.0,7.3,449,2018
Xavier Silas,SG,30,BOS,2,3.5,0.0,,0.0,,,0.5,0.0,0.0,0.5,0.0,450,2018
Ben Simmons,PG,21,PHI,81,33.7,6.7,12.3,0.0,0.1,6.7,12.2,2.4,4.2,2.6,15.8,451,2018
Jonathon Simmons,SG,28,ORL,69,29.4,5.1,,1.0,,4.1,8.1,2.7,3.5,2.5,13.9,452,2018
Kobi Simmons,PG,20,MEM,32,20.1,2.5,5.9,0.3,1.2,,4.7,0.8,0.8,1.9,6.1,453,2018
Kyle Singler,SF,29,OKC,12,4.9,0.6,,0.2,0.4,,1.3,0.6,1.1,0.3,1.9,454,2018
Marcus Smart,SG,23,BOS,54,29.9,3.5,9.5,1.4,,2.1,4.9,1.8,2.5,2.5,10.2,455,2018
Dennis Smith Jr.,PG,20,DAL,69,29.7,5.9,14.8,1.5,4.9,4.3,9.9,1.9,2.8,2.2,15.2,456,2018
Ish Smith,PG,29,DET,82,24.9,4.7,,0.4,1.2,4.3,8.5,1.0,1.4,1.7,10.9,457,2018
J.R. Smith,SG,32,CLE,80,28.1,3.0,,1.8,,1.2,2.7,0.5,0.7,2.0,8.3,458,2018
Jason Smith,C,31,WAS,33,8.6,1.4,,0.1,1.0,,2.5,0.6,0.6,1.3,3.4,459,2018
Josh Smith,PF,32,NOP,3,4.0,0.3,,0.0,0.0,,1.3,0.0,0.0,1.0,0.7,460,2018
Tony Snell,SG,26,MIL,75,27.4,2.5,,1.4,,1.0,2.1,0.5,0.6,1.5,6.9,461,2018
Marreese Speights,C,30,ORL,52,13.0,2.7,,1.7,4.5,1.0,2.2,0.8,1.1,2.0,7.7,462,2018
Nik Stauskas,SG,24,TOT,41,12.8,1.5,3.8,1.0,,0.5,1.3,0.5,0.7,0.6,4.4,463,2018
Nik Stauskas,SG,24,PHI,6,7.5,0.2,0.7,0.0,,,0.5,0.3,0.3,0.5,0.7,463,2018
Nik Stauskas,SG,24,BRK,35,13.7,1.7,4.3,1.1,,0.5,1.5,0.5,0.8,0.6,5.1,463,2018
Lance Stephenson,SG,27,IND,82,22.6,3.7,,0.8,,2.9,5.8,1.0,1.5,2.2,9.2,464,2018
David Stockton,PG,26,UTA,3,3.0,0.7,,0.7,1.0,,0.0,1.3,1.3,1.0,3.3,465,2018
Julyan Stone,SG,29,CHO,23,7.6,0.3,,0.3,,,0.0,0.0,0.1,0.9,0.8,466,2018
Edmond Sumner,PG,22,IND,1,2.0,1.0,1.0,0.0,0.0,,1.0,0.0,0.0,1.0,2.0,467,2018
Caleb Swanigan,PF,20,POR,27,7.0,0.9,2.2,0.0,0.3,,1.9,0.4,0.7,1.4,2.3,468,2018
Jayson Tatum,SF,19,BOS,80,30.5,5.0,10.4,1.3,3.0,3.7,7.4,2.7,3.2,2.1,13.9,469,2018
Isaiah Taylor,PG,23,ATL,67,17.4,2.4,5.8,0.3,1.2,2.1,4.6,1.5,2.1,1.7,6.6,470,2018
Jeff Teague,PG,29,MIN,70,33.0,5.1,,1.2,3.3,3.9,8.1,2.9,3.4,2.4,14.2,471,2018
Marquis Teague,PG,24,MEM,3,24.7,1.3,5.3,0.3,1.3,,4.0,0.7,1.7,1.7,3.7,472,2018
Mirza Teletović,PF,32,MIL,10,15.9,2.5,,2.1,4.5,,1.2,0.0,0.0,1.4,7.1,473,2018
Garrett Temple,SG,31,SAC,65,24.8,3.1,,1.4,,1.7,3.8,0.9,1.2,2.1,8.4,474,2018
Miloš Teodosić,PG,30,LAC,45,25.2,3.4,,2.0,5.2,1.4,2.8,0.9,1.0,2.3,9.5,475,2018
Jason Terry,SG,40,MIL,51,16.0,1.2,,0.8,,0.4,0.8,0.2,0.2,1.0,3.3,476,2018
Daniel Theis,C,25,BOS,63,14.9,2.0,,0.3,0.9,1.7,2.8,1.0,1.3,2.5,5.3,477,2018
Isaiah Thomas,PG,28,TOT,32,26.9,4.9,,1.7,5.9,,7.3,3.7,4.1,1.8,15.2,478,2018
Isaiah Thomas,PG,28,CLE,15,27.1,4.7,,1.5,5.8,,7.1,3.9,4.5,1.7,14.7,478,2018
Isaiah Thomas,PG,28,LAL,17,26.8,5.1,,1.9,5.9,,7.4,3.4,3.7,1.9,15.6,478,2018
Lance Thomas,PF,29,NYK,73,18.5,1.4,,0.7,1.7,0.7,2.0,0.6,0.7,1.8,4.1,479,2018
Klay Thompson,SG,27,GSW,73,34.3,7.9,,3.1,,4.7,9.0,1.1,1.3,1.6,20.0,480,2018
Tristan Thompson,C,26,CLE,53,20.2,2.5,,0.0,0.0,2.5,4.4,0.8,1.5,1.9,5.8,481,2018
Sindarius Thornwell,SG,23,LAC,73,15.8,1.4,3.2,0.3,,1.1,2.4,0.8,1.2,1.7,3.9,482,2018
Anthony Tolliver,PF,32,DET,79,22.2,2.8,,2.0,4.6,0.8,1.4,1.3,1.7,1.8,8.9,483,2018
Karl-Anthony Towns,C,22,MIN,82,35.6,7.8,14.3,1.5,3.5,6.3,10.8,4.2,4.9,3.5,21.3,484,2018
P.J. Tucker,PF,32,HOU,82,27.8,2.1,,1.4,3.8,0.7,1.6,0.5,0.7,2.5,6.1,485,2018
Evan Turner,SF,29,POR,79,25.7,3.3,,0.5,1.7,2.7,5.6,1.2,1.4,2.1,8.2,486,2018
Myles Turner,C,21,IND,65,28.2,4.7,9.8,0.9,2.4,3.8,7.4,2.5,3.2,2.9,12.7,487,2018
Ekpe Udoh,C,30,UTA,63,12.9,1.0,,0.0,0.0,1.0,1.9,0.7,0.9,1.7,2.6,488,2018
Tyler Ulis,PG,22,PHO,71,23.4,3.0,7.8,0.6,2.1,2.4,5.7,1.2,1.4,1.7,7.8,489,2018
Jonas Valančiūnas,C,25,TOR,77,22.4,5.1,,0.4,1.0,4.7,8.0,2.2,2.7,2.5,12.7,490,2018
Denzel Valentine,SG,24,CHI,77,27.2,3.9,9.4,1.9,,2.1,4.6,0.5,0.7,2.4,10.2,491,2018
Fred VanVleet,PG,23,TOR,76,20.0,3.1,7.2,1.4,3.4,1.6,3.7,1.1,1.3,1.7,8.6,492,2018
Rashad Vaughn,SG,21,TOT,28,7.6,0.8,2.0,0.5,,,0.7,0.1,0.2,0.5,2.3,493,2018
Rashad Vaughn,SG,21,MIL,22,7.9,1.0,2.3,0.6,,,0.7,0.2,0.3,0.5,2.7,493,2018
Rashad Vaughn,SG,21,BRK,1,4.0,0.0,0.0,0.0,,,0.0,0.0,0.0,1.0,0.0,493,2018
Rashad Vaughn,SG,21,ORL,5,7.0,0.4,1.2,0.2,,,0.8,0.0,0.0,0.4,1.0,493,2018
Noah Vonleh,PF,22,TOT,54,16.2,1.9,4.3,0.4,1.2,1.6,3.1,0.7,1.1,1.3,4.9,494,2018
Noah Vonleh,PF,22,POR,33,14.4,1.4,2.9,0.1,0.2,,2.7,0.7,0.9,1.3,3.6,494,2018
Noah Vonleh,PF,22,CHI,21,19.0,2.7,6.6,0.9,2.9,,3.7,0.6,1.3,1.2,6.9,494,2018
Nikola Vučević,C,27,ORL,57,29.5,7.0,,1.1,3.6,5.9,11.2,1.4,1.6,2.5,16.5,495,2018
Dwyane Wade,SG,36,TOT,67,22.9,4.5,,0.5,,4.0,8.5,2.0,2.8,1.9,11.4,496,2018
Dwyane Wade,SG,36,CLE,46,23.2,4.3,,0.5,,3.8,7.9,2.0,2.9,1.8,11.2,496,2018
Dwyane Wade,SG,36,MIA,21,22.2,4.8,,0.4,,,9.8,2.0,2.6,1.9,12.0,496,2018
Dion Waiters,SG,26,MIA,30,30.6,5.4,,1.7,,,8.0,1.7,2.3,2.0,14.3,497,2018
Kemba Walker,PG,27,CHO,80,34.2,7.4,,2.9,7.5,4.5,9.5,4.5,5.3,1.2,22.1,498,2018
John Wall,PG,27,WAS,41,34.4,6.8,,1.5,4.1,5.3,12.2,4.3,5.9,2.0,19.4,499,2018
Tyrone Wallace,PG,23,LAC,30,28.4,3.7,8.2,0.3,1.3,,6.9,2.0,2.6,2.8,9.7,500,2018
Derrick Walton,PG,22,MIA,16,9.2,0.5,1.6,0.4,1.1,,0.5,0.4,0.4,0.4,1.8,501,2018
Jameel Warney,PF,24,DAL,3,9.0,2.3,4.0,0.0,0.0,,4.0,1.0,1.7,0.7,5.7,502,2018
T.J. Warren,SF,24,PHO,65,33.0,8.1,16.4,0.3,1.4,7.8,15.0,3.0,3.9,2.3,19.6,503,2018
Travis Wear,SF,27,LAL,17,13.4,1.5,,1.0,2.8,,1.5,0.5,0.5,1.8,4.4,504,2018
James Webb III,SF,24,BRK,10,12.0,0.6,2.4,0.4,1.9,,0.5,0.0,0.0,1.0,1.6,505,2018
Briante Weber,PG,25,TOT,18,13.2,1.1,,0.2,0.6,,1.8,0.4,0.6,1.6,2.8,506,2018
Briante Weber,PG,25,HOU,13,9.1,0.7,,0.3,0.7,,1.0,0.3,0.3,1.4,2.0,506,2018
Briante Weber,PG,25,MEM,5,23.8,2.0,,0.0,0.4,,3.8,0.8,1.2,2.0,4.8,506,2018
David West,C,37,GSW,73,13.7,3.0,,0.0,0.1,2.9,5.1,0.8,1.1,1.6,6.8,507,2018
Russell Westbrook,PG,29,OKC,80,36.4,9.5,,1.2,4.1,8.3,17.0,5.2,7.1,2.5,25.4,508,2018
Andrew White,SF,24,ATL,15,13.9,1.7,4.9,1.2,3.3,,1.6,0.1,0.3,0.8,4.6,509,2018
Derrick White,PG,23,SAS,17,8.2,0.9,1.9,0.5,0.8,,1.2,0.8,1.2,0.5,3.2,510,2018
Okaro White,PF,25,MIA,6,13.3,1.2,,0.7,1.8,,0.8,0.3,0.5,1.0,3.3,511,2018
Isaiah Whitehead,PG,22,BRK,16,11.3,2.5,5.4,0.4,1.1,,4.3,0.8,1.2,1.4,6.3,512,2018
Hassan Whiteside,C,28,MIA,54,25.3,5.8,,0.0,0.0,5.7,10.7,2.4,3.4,2.4,14.0,513,2018
Andrew Wiggins,SF,22,MIN,82,36.3,6.9,15.9,1.4,4.1,5.6,11.7,2.5,3.8,2.0,17.7,514,2018
Jacob Wiley,PF,23,BRK,5,6.6,0.2,0.8,0.2,0.4,,0.4,0.2,0.4,0.8,0.8,515,2018
Damien Wilkins,SF,38,IND,19,8.0,0.7,,0.2,0.9,,1.1,0.2,0.2,0.4,1.7,516,2018
Alan Williams,PF,25,PHO,5,14.0,1.4,,0.0,0.0,,3.6,1.2,1.8,2.6,4.0,517,2018
C.J. Williams,SG,27,LAC,38,18.6,2.3,,0.6,,1.7,3.1,0.3,0.4,1.7,5.5,518,2018
Derrick Williams,PF,26,LAL,2,4.5,0.5,,0.0,1.0,,1.0,0.0,0.0,0.0,1.0,519,2018
Lou Williams,SG,31,LAC,79,32.8,7.4,,2.4,,5.0,10.4,5.5,6.2,1.3,22.6,520,2018
Marvin Williams,PF,31,CHO,78,25.7,3.3,,1.6,3.9,1.7,3.3,1.3,1.6,1.5,9.5,521,2018
Matt Williams,SG,24,MIA,3,3.7,0.7,2.0,0.3,,,0.3,0.0,0.0,0.3,1.7,522,2018
Troy Williams,SF,23,TOT,21,14.6,2.4,5.2,0.5,1.8,,3.4,1.0,1.4,1.6,6.3,523,2018
Troy Williams,SF,23,HOU,4,4.3,0.5,2.3,0.0,1.3,,1.0,0.3,0.8,0.5,1.3,523,2018
Troy Williams,SF,23,NYK,17,17.1,2.9,5.9,0.6,1.9,,3.9,1.1,1.6,1.9,7.5,523,2018
D.J. Wilson,PF,21,MIL,22,3.2,0.4,0.7,0.1,0.2,,0.5,0.0,0.1,0.3,1.0,524,2018
Jamil Wilson,SF,27,LAC,15,18.3,2.5,,1.8,4.2,,1.2,0.1,0.3,2.3,7.0,525,2018
Justise Winslow,PF,21,MIA,68,24.7,3.0,7.2,0.7,1.9,2.3,5.3,1.0,1.5,2.1,7.8,526,2018
Jeff Withey,C,27,DAL,9,4.3,0.7,,0.2,1.1,,0.7,0.1,0.2,0.3,1.7,527,2018
Nate Wolters,PG,26,UTA,5,3.8,0.2,,0.0,0.0,,1.2,0.0,0.0,0.2,0.4,528,2018
Brandan Wright,PF,30,TOT,28,13.6,2.1,,0.0,0.0,,3.6,0.8,1.2,1.1,5.0,529,2018
Brandan Wright,PF,30,MEM,27,13.6,2.1,,0.0,0.0,,3.7,0.8,1.2,1.1,5.0,529,2018
Brandan Wright,PF,30,HOU,1,15.0,2.0,,0.0,0.0,,3.0,0.0,0.0,3.0,4.0,529,2018
Delon Wright,PG,25,TOR,69,20.8,2.9,,0.8,2.2,2.1,4.0,1.4,1.7,1.2,8.0,530,2018
Guerschon Yabusele,PF,22,BOS,33,7.1,0.8,1.8,0.4,1.1,,0.7,0.5,0.7,0.7,2.4,531,2018
James Young,SG,22,PHI,6,10.2,0.8,2.3,0.5,,,0.7,0.7,1.0,0.7,2.8,532,2018
Joe Young,PG,25,IND,53,10.5,1.5,,0.5,1.2,1.0,2.3,0.4,0.5,0.7,3.9,533,2018
Nick Young,SG,32,GSW,80,17.4,2.5,,1.5,,1.0,2.0,0.7,0.8,1.3,7.3,534,2018
Thaddeus Young,PF,29,IND,81,32.2,5.2,,0.7,2.2,4.5,8.4,0.7,1.1,2.2,11.8,535,2018
Cody Zeller,C,25,CHO,33,19.0,2.6,,0.1,0.1,,4.6,1.8,2.6,2.5,7.1,536,2018
Tyler Zeller,C,28,TOT,66,16.8,2.8,,0.2,0.4,2.7,4.6,0.9,1.2,1.9,6.7,537,2018
Tyler Zeller,C,28,BRK,42,16.7,3.0,,0.2,0.6,2.7,4.8,1.0,1.4,1.9,7.1,537,2018
Tyler Zeller,C,28,MIL,24,16.9,2.6,,0.0,0.1,,4.3,0.7,0.8,2.0,5.9,537,2018
Paul Zipser,SF,23,CHI,54,15.3,1.5,4.3,0.7,2.0,0.8,2.3,0.4,0.5,1.6,4.0,538,2018
Ante Žižić,C,21,CLE,32,6.7,1.5,2.1,0.0,0.0,,2.1,0.7,0.9,0.9,3.7,539,2018
Ivica Zubac,C,20,LAL,43,9.5,1.4,2.8,0.0,0.0,1.4,2.8,0.9,1.2,1.1,3.7,540,2018
Álex Abrines,SG,25,OKC,31,19.0,1.8,,1.3,,,1.0,0.4,0.4,1.7,5.3,1,2019
Quincy Acy,PF,28,PHO,10,12.3,0.4,,0.2,1.5,,0.3,0.7,1.0,2.4,1.7,2,2019
Jaylen Adams,PG,22,ATL,34,12.6,1.1,3.2,0.7,2.2,,1.1,0.2,0.3,1.3,3.2,3,2019
Steven Adams,C,25,OKC,80,33.4,6.0,,0.0,0.0,6.0,10.1,1.8,3.7,2.6,13.9,4,2019
Bam Adebayo,C,21,MIA,82,23.3,3.4,5.9,0.0,0.2,3.4,5.7,2.0,2.8,2.5,8.9,5,2019
Deng Adel,SF,21,CLE,19,10.2,0.6,1.9,0.3,1.2,,0.7,0.2,0.2,0.7,1.7,6,2019
DeVaughn Akoon-Purcell,SG,25,DEN,7,3.1,0.4,,0.0,,,0.9,0.1,0.3,0.6,1.0,7,2019
LaMarcus Aldridge,C,33,SAS,81,33.2,8.4,,0.1,0.5,8.3,15.8,4.3,5.1,2.2,21.3,8,2019
Rawle Alkins,SG,21,CHI,10,12.0,1.3,3.9,0.3,,,2.7,0.8,1.2,0.7,3.7,9,2019
Grayson Allen,SG,23,UTA,38,10.9,1.8,4.7,0.8,,0.9,2.1,1.2,1.6,1.2,5.6,10,2019
Jarrett Allen,C,20,BRK,80,26.2,4.2,7.1,0.1,0.6,4.1,6.5,2.5,3.5,2.3,10.9,11,2019
Kadeem Allen,PG,26,NYK,19,21.9,3.4,,0.9,1.9,,5.5,2.2,2.8,2.4,9.9,12,2019
Al-Farouq Aminu,PF,28,POR,81,28.3,3.2,,1.2,3.5,2.0,3.9,1.9,2.1,1.8,9.4,13,2019
Justin Anderson,SF,25,ATL,48,9.6,1.3,,0.5,1.6,0.8,1.7,0.5,0.7,1.0,3.7,14,2019
Kyle Anderson,SF,25,MEM,43,29.8,3.5,,0.2,0.8,3.3,5.6,0.9,1.5,2.6,8.0,15,2019
Ryan Anderson,PF,30,TOT,25,12.9,0.8,,0.4,1.6,,1.2,0.5,0.6,1.0,2.5,16,2019
Ryan Anderson,PF,30,PHO,15,18.5,1.3,,0.5,2.3,,1.7,0.7,0.9,1.5,3.7,16,2019
Ryan Anderson,PF,30,MIA,10,4.4,0.2,,0.2,0.6,,0.3,0.1,0.2,0.2,0.7,16,2019
Ike Anigbogu,C,20,IND,3,2.0,0.0,1.0,0.0,0.0,,1.0,0.0,0.0,0.0,0.0,17,2019
Giannis Antetokounmpo,PF,24,MIL,72,32.8,10.0,17.3,0.7,2.8,9.3,14.5,6.9,9.5,3.2,27.7,18,2019
Kostas Antetokounmpo,PF,21,DAL,2,5.5,0.0,1.5,0.0,0.0,,1.5,1.0,2.0,0.0,1.0,19,2019
Carmelo Anthony,PF,34,HOU,10,29.4,4.9,,2.1,6.4,,5.7,1.5,2.2,3.2,13.4,20,2019
OG Anunoby,SF,21,TOR,67,20.2,2.7,6.0,1.0,3.0,1.7,3.0,0.5,0.9,2.1,7.0,21,2019
Ryan Arcidiacono,PG,24,CHI,81,24.2,2.3,5.2,1.0,2.7,1.3,2.5,1.1,1.3,2.1,6.7,22,2019
Trevor Ariza,SF,33,TOT,69,34.0,4.3,,2.1,6.3,2.2,4.4,1.9,2.4,1.9,12.5,23,2019
Trevor Ariza,SF,33,PHO,26,34.0,3.3,,1.9,5.3,,3.4,1.4,1.7,1.7,9.9,23,2019
Trevor Ariza,SF,33,WAS,43,34.1,4.8,,2.2,6.9,2.6,5.0,2.2,2.8,2.0,14.1,23,2019
D.J. Augustin,PG,31,ORL,81,28.0,3.9,,1.6,3.8,2.3,4.5,2.2,2.6,1.4,11.7,24,2019
Deandre Ayton,C,20,PHO,71,30.7,7.2,12.3,0.0,0.1,7.2,12.2,2.0,2.7,2.9,16.3,25,2019
Dwayne Bacon,SG,23,CHO,43,17.7,2.8,6.0,0.9,,2.0,4.0,0.8,1.1,1.7,7.3,26,2019
Marvin Bagley III,PF,19,SAC,62,25.3,5.7,11.4,0.5,1.5,5.3,9.8,2.9,4.2,1.9,14.9,27,2019
Ron Baker,SG,25,TOT,15,10.1,0.3,,0.1,,,0.5,0.3,0.4,1.2,0.9,28,2019
Ron Baker,SG,25,NYK,11,9.7,0.4,,0.1,,,0.6,0.5,0.5,1.5,1.3,28,2019
Ron Baker,SG,25,WAS,4,11.3,0.0,,0.0,,,0.0,0.0,0.0,0.5,0.0,28,2019
Wade Baldwin,PG,22,POR,16,5.9,0.6,2.1,0.1,0.6,,1.5,0.5,0.7,0.7,1.9,29,2019
Lonzo Ball,PG,21,LAL,47,30.3,3.9,9.7,1.6,4.9,2.3,4.9,0.4,1.0,2.4,9.9,30,2019
Mo Bamba,C,20,ORL,47,16.3,2.5,5.2,0.4,1.5,2.0,3.7,0.8,1.3,2.2,6.2,31,2019
J.J. Barea,PG,34,DAL,38,19.8,4.2,,1.0,3.4,3.2,6.8,1.4,2.1,1.3,10.9,32,2019
Harrison Barnes,PF-SF,26,TOT,77,32.9,5.6,,2.3,5.7,3.3,7.6,3.0,3.6,,16.4,33,2019
Harrison Barnes,PF,26,DAL,49,32.3,5.9,,2.5,6.3,3.4,8.3,3.4,4.0,1.6,17.7,33,2019
Harrison Barnes,SF,26,SAC,28,33.9,5.0,,1.9,4.6,,6.4,2.3,2.9,1.5,14.3,33,2019
Will Barton,SF,28,DEN,43,27.7,4.3,,1.6,4.6,2.7,6.1,1.3,1.7,1.9,11.5,34,2019
Keita Bates-Diop,SF,23,MIN,30,16.8,2.0,4.7,0.4,1.7,,3.0,0.6,0.9,1.0,5.0,35,2019
Nicolas Batum,SF,30,CHO,75,31.4,3.4,,1.5,4.0,1.8,3.5,1.0,1.2,1.9,9.3,36,2019
Jerryd Bayless,PG,30,MIN,34,19.3,2.4,,0.9,2.9,,3.9,0.5,0.8,1.6,6.1,37,2019
Aron Baynes,C,32,BOS,51,16.1,2.1,,0.4,1.2,1.6,3.2,1.0,1.2,2.5,5.6,38,2019
Kent Bazemore,SG,29,ATL,67,24.5,4.1,,1.4,,2.7,5.8,1.9,2.6,2.5,11.6,39,2019
Bradley Beal,SG,25,WAS,82,36.9,9.3,,2.5,,6.8,12.4,4.4,5.5,2.8,25.6,40,2019
Malik Beasley,SG,22,DEN,81,23.2,4.3,9.1,2.0,,2.3,4.1,0.7,0.8,1.4,11.3,41,2019
Michael Beasley,PF,30,LAL,26,10.7,2.9,,0.1,0.7,,5.2,1.1,1.5,1.6,7.0,42,2019
Marco Belinelli,SG,32,SAS,79,23.0,3.6,,1.9,,1.7,3.7,1.4,1.6,1.5,10.5,43,2019
Jordan Bell,C,24,GSW,68,11.6,1.5,2.8,0.0,0.0,1.5,2.8,0.4,0.6,1.2,3.3,44,2019
DeAndre' Bembry,SG,24,ATL,82,23.5,3.4,7.5,0.6,,2.7,5.4,1.1,1.7,2.3,8.4,45,2019
Dragan Bender,PF,21,PHO,46,18.0,1.9,4.3,0.5,2.2,1.4,2.1,0.7,1.2,2.0,5.0,46,2019
Dairis Bertāns,SG,29,NOP,12,13.9,1.0,,0.8,,,1.1,0.0,0.0,0.6,2.8,47,2019
Dāvis Bertāns,PF,26,SAS,76,21.5,2.7,,1.9,4.4,0.8,1.5,0.7,0.8,1.8,8.0,48,2019
Patrick Beverley,PG,30,LAC,78,27.4,2.5,,1.4,3.6,1.1,2.5,1.2,1.6,3.4,7.6,49,2019
Khem Birch,C,26,ORL,50,12.9,1.8,,0.0,0.0,1.8,3.0,1.2,1.7,1.4,4.8,50,2019
Bismack Biyombo,C,26,CHO,54,14.5,1.6,,0.0,0.0,1.6,2.9,1.1,1.7,1.9,4.4,51,2019
Nemanja Bjelica,PF,30,SAC,77,23.2,3.7,,1.3,3.3,2.4,4.4,0.9,1.2,2.6,9.6,52,2019
Antonio Blakeney,SG,22,CHI,57,14.5,2.9,6.9,0.6,,2.3,5.4,0.9,1.3,0.7,7.3,53,2019
Eric Bledsoe,PG,29,MIL,78,29.1,6.0,,1.6,4.8,4.4,7.6,2.3,3.0,2.0,15.9,54,2019
Jaron Blossomgame,SF,25,CLE,27,16.3,1.7,,0.4,1.4,,2.5,0.4,0.5,0.7,4.2,55,2019
Bogdan Bogdanović,SG,26,SAC,70,27.8,5.2,,1.9,,3.2,7.0,1.9,2.3,2.0,14.1,56,2019
Bojan Bogdanović,SF,29,IND,81,31.8,6.4,,2.0,4.8,4.4,8.2,3.0,3.8,1.7,18.0,57,2019
Andrew Bogut,C,34,GSW,11,12.2,1.6,,0.0,0.0,,3.3,0.3,0.3,2.0,3.5,58,2019
Jonah Bolden,PF,23,PHI,44,14.5,1.8,3.7,0.8,2.2,1.0,1.5,0.3,0.6,2.3,4.7,59,2019
Isaac Bonga,PG,19,LAL,22,5.5,0.2,1.5,0.0,0.4,,1.1,0.4,0.7,0.4,0.9,60,2019
Devin Booker,SG,22,PHO,64,35.0,9.2,19.6,2.1,,7.0,13.1,6.1,7.1,3.1,26.6,61,2019
Chris Boucher,PF,26,TOR,28,5.8,1.2,,0.4,1.3,,1.4,0.5,0.5,1.1,3.3,62,2019
Avery Bradley,SG,28,TOT,63,30.2,3.9,,1.4,,2.6,5.8,0.7,0.8,2.7,9.9,63,2019
Avery Bradley,SG,28,LAC,49,29.9,3.3,,1.2,,2.1,5.1,0.4,0.5,2.7,8.2,63,2019
Avery Bradley,SG,28,MEM,14,31.6,6.2,,2.0,,,8.2,1.6,1.8,2.4,16.1,63,2019
Tony Bradley,C,21,UTA,3,12.0,2.7,5.3,0.0,0.0,,5.3,0.3,0.7,2.0,5.7,64,2019
Corey Brewer,SF,32,TOT,31,15.9,1.7,,0.5,1.4,,2.5,1.0,1.4,2.0,4.9,65,2019
Corey Brewer,SF,32,PHI,7,20.0,2.9,,0.6,2.0,,5.0,1.3,1.9,2.3,7.6,65,2019
Corey Brewer,SF,32,SAC,24,14.7,1.4,,0.4,1.3,,1.8,0.9,1.3,2.0,4.1,65,2019
Mikal Bridges,SF,22,PHO,82,29.5,3.0,6.9,1.3,3.8,1.7,3.0,1.2,1.4,2.5,8.3,66,2019
Miles Bridges,SF,20,CHO,80,21.2,3.0,6.4,0.8,2.5,2.2,3.9,0.7,1.0,1.4,7.5,67,2019
Isaiah Briscoe,PG,22,ORL,39,14.3,1.4,3.5,0.3,0.9,1.1,2.7,0.4,0.7,1.7,3.5,68,2019
Ryan Broekhoff,SG,28,DAL,42,10.8,1.4,,0.9,,0.5,0.8,0.4,0.5,0.8,4.0,69,2019
Malcolm Brogdon,SG,26,MIL,64,28.6,5.9,,1.6,,4.3,7.9,2.2,2.4,1.6,15.6,70,2019
Dillon Brooks,SF,23,MEM,18,18.3,2.7,6.8,0.8,2.2,,4.6,1.2,1.7,2.8,7.5,71,2019
MarShon Brooks,SG,30,MEM,29,13.3,2.6,,0.5,,,4.0,0.8,1.1,1.1,6.6,72,2019
Bruce Brown,SG,22,DET,74,19.6,1.7,4.2,0.3,,1.4,3.0,0.6,0.8,2.4,4.3,73,2019
Jaylen Brown,SG,22,BOS,74,25.9,5.0,10.7,1.3,,3.7,7.0,1.8,2.7,2.5,13.0,74,2019
Lorenzo Brown,PG,28,TOR,26,8.2,0.9,,0.2,1.1,,1.7,0.1,0.1,0.8,2.1,75,2019
Sterling Brown,SG,23,MIL,58,17.8,2.5,5.4,0.9,,1.6,2.8,0.5,0.7,1.5,6.4,76,2019
Troy Brown Jr.,SF,19,WAS,52,14.0,1.9,4.5,0.4,1.3,1.4,3.2,0.6,0.9,1.1,4.8,77,2019
Jalen Brunson,PG,22,DAL,73,21.8,3.6,7.7,0.9,2.5,2.8,5.3,1.2,1.6,1.7,9.3,78,2019
Thomas Bryant,C,21,WAS,72,20.8,4.3,7.0,0.5,1.4,3.8,5.6,1.5,1.9,1.8,10.5,79,2019
Reggie Bullock,SG,27,TOT,63,29.8,3.9,,2.3,,1.5,3.2,1.2,1.3,1.7,11.3,80,2019
Reggie Bullock,SG,27,DET,44,30.8,4.1,,2.6,,1.5,3.3,1.3,1.5,1.8,12.1,80,2019
Reggie Bullock,SG,27,LAL,19,27.6,3.3,,1.8,,,2.8,0.9,1.1,1.6,9.3,80,2019
Trey Burke,PG,26,TOT,58,19.4,4.1,,1.0,2.7,3.1,6.7,1.8,2.1,1.0,10.9,81,2019
Trey Burke,PG,26,NYK,33,20.9,4.5,,0.9,2.6,,8.2,1.9,2.3,1.0,11.8,81,2019
Trey Burke,PG,26,DAL,25,17.4,3.5,,1.0,2.9,,4.7,1.6,2.0,1.0,9.7,81,2019
Alec Burks,SG,27,TOT,64,21.5,3.0,,1.0,,2.0,4.8,1.8,2.2,1.4,8.8,82,2019
Alec Burks,SG,27,UTA,17,15.8,2.8,,0.9,,,4.2,1.9,2.2,1.3,8.4,82,2019
Alec Burks,SG,27,CLE,34,28.8,4.0,,1.3,,,6.5,2.3,2.9,1.8,11.6,82,2019
Alec Burks,SG,27,SAC,13,9.8,0.7,,0.0,,,1.1,0.3,0.4,0.5,1.7,82,2019
Deonte Burton,SG,25,OKC,32,7.5,1.0,,0.3,,,1.7,0.3,0.4,1.0,2.6,83,2019
Jimmy Butler,SF-SG,29,TOT,65,33.6,6.4,,1.0,3.0,5.4,10.9,4.8,5.6,,18.7,84,2019
Jimmy Butler,SG,29,MIN,10,36.1,7.4,,1.7,,,11.2,4.8,6.1,1.8,21.3,84,2019
Jimmy Butler,SF,29,PHI,55,33.2,6.3,,0.9,2.7,5.3,10.9,4.8,5.5,1.7,18.2,84,2019
Bruno Caboclo,PF,23,MEM,34,23.5,2.8,6.6,1.4,3.8,,2.8,1.2,1.5,2.4,8.3,85,2019
José Calderón,PG,37,DET,49,12.9,0.9,,0.3,1.2,0.6,1.3,0.2,0.2,1.3,2.3,86,2019
Kentavious Caldwell-Pope,SG,25,LAL,82,24.8,4.0,,1.8,,2.1,3.9,1.7,1.9,1.7,11.4,87,2019
Isaiah Canaan,PG,27,TOT,30,21.0,2.1,,1.1,3.2,,2.3,0.6,0.8,1.7,6.0,88,2019
Isaiah Canaan,PG,27,PHO,19,26.5,2.7,,1.3,3.8,,3.0,0.8,1.1,2.4,7.5,88,2019
Isaiah Canaan,PG,27,MIN,7,13.6,1.6,,1.0,2.7,,1.4,0.6,0.6,0.6,4.7,88,2019
Isaiah Canaan,PG,27,MIL,4,7.8,0.5,,0.5,1.3,,0.3,0.0,0.0,0.5,1.5,88,2019
Clint Capela,C,24,HOU,67,33.6,7.1,10.9,0.0,0.0,7.1,10.9,2.5,3.9,2.5,16.6,89,2019
DeMarre Carroll,PF,32,BRK,67,25.4,3.4,,1.6,4.6,1.8,4.0,2.7,3.6,1.7,11.1,90,2019
Jevon Carter,PG,23,MEM,39,14.8,1.4,4.7,0.9,2.6,0.6,2.1,0.7,0.8,1.4,4.4,91,2019
Vince Carter,PF,42,ATL,76,17.5,2.6,,1.6,4.2,1.0,2.0,0.6,0.9,1.9,7.4,92,2019
Wendell Carter Jr.,C,19,CHI,44,25.2,4.1,8.4,0.1,0.7,4.0,7.7,2.0,2.5,3.5,10.3,93,2019
Michael Carter-Williams,PG,27,TOT,28,13.3,1.6,,0.4,1.4,,3.0,1.1,1.9,1.7,4.8,94,2019
Michael Carter-Williams,PG,27,HOU,16,9.1,1.6,,0.4,1.2,,2.6,0.8,1.6,1.7,4.3,94,2019
Michael Carter-Williams,PG,27,ORL,12,18.9,1.8,,0.3,1.6,,3.6,1.7,2.3,1.8,5.4,94,2019
Alex Caruso,PG,24,LAL,25,21.2,3.1,6.9,1.0,2.0,,4.9,2.0,2.6,2.2,9.2,95,2019
Omri Casspi,SF,30,MEM,36,14.4,2.4,,0.4,1.2,2.0,3.3,1.1,1.6,1.0,6.3,96,2019
Willie Cauley-Stein,C,25,SAC,81,27.3,5.1,,0.0,0.0,5.1,9.1,1.7,3.1,2.8,11.9,97,2019
Troy Caupain,PG,23,ORL,4,4.0,1.0,2.0,0.5,0.8,,1.3,0.0,0.0,0.0,2.5,98,2019
Tyler Cavanaugh,PF,24,UTA,11,3.5,0.3,0.9,0.1,0.5,,0.5,0.2,0.2,0.3,0.8,99,2019
Tyson Chandler,C,36,TOT,55,15.9,1.1,,0.0,0.0,1.1,1.8,0.9,1.6,2.0,3.1,100,2019
Tyson Chandler,C,36,PHO,7,12.7,1.1,,0.0,0.0,,1.7,1.4,2.6,3.0,3.7,100,2019
Tyson Chandler,C,36,LAL,48,16.4,1.1,,0.0,0.0,1.1,1.8,0.9,1.4,1.9,3.1,100,2019
Wilson Chandler,PF-SF,31,TOT,51,23.1,2.2,,1.2,3.1,1.1,2.3,0.4,0.5,,6.0,101,2019
Wilson Chandler,PF,31,PHI,36,26.4,2.5,,1.3,3.3,1.3,2.5,0.4,0.5,2.6,6.7,101,2019
Wilson Chandler,SF,31,LAC,15,15.1,1.5,,0.9,2.7,,1.7,0.3,0.5,1.9,4.3,101,2019
Joe Chealey,PG,23,CHO,1,8.0,1.0,3.0,0.0,0.0,,3.0,0.0,0.0,1.0,2.0,102,2019
Chris Chiozza,PG,23,HOU,7,4.7,0.3,1.1,0.3,0.7,,0.4,0.0,0.0,0.3,0.9,103,2019
Marquese Chriss,PF,21,TOT,43,11.6,1.6,4.2,0.4,1.7,1.2,2.5,0.7,1.0,1.9,4.2,104,2019
Marquese Chriss,PF,21,HOU,16,6.5,0.7,2.1,0.1,0.9,,1.2,0.4,0.4,1.1,1.8,104,2019
Marquese Chriss,PF,21,CLE,27,14.6,2.1,5.4,0.6,2.1,,3.3,1.0,1.4,2.4,5.7,104,2019
Gary Clark,PF,24,HOU,51,12.6,1.0,3.0,0.8,2.7,0.2,0.3,0.1,0.1,0.9,2.9,105,2019
Ian Clark,SG,27,NOP,60,16.2,2.5,,1.1,,1.4,3.0,0.6,0.6,1.6,6.7,106,2019
Jordan Clarkson,SG,26,CLE,81,27.3,6.5,,1.8,,4.8,9.1,2.0,2.4,1.4,16.8,107,2019
John Collins,PF,21,ATL,61,30.0,7.6,13.6,0.9,2.6,6.7,11.0,3.3,4.4,3.3,19.5,108,2019
Zach Collins,C,21,POR,77,17.6,2.5,5.2,0.5,1.6,1.9,3.6,1.2,1.6,2.3,6.6,109,2019
Darren Collison,PG,31,IND,76,28.2,4.1,,1.0,2.6,3.0,6.1,2.1,2.5,1.8,11.2,110,2019
Bonzie Colson,SF,23,MIL,8,12.3,1.6,4.9,0.6,2.6,,2.3,1.0,1.1,0.4,4.9,111,2019
Mike Conley,PG,31,MEM,70,33.5,7.0,,2.2,6.1,4.8,9.9,4.9,5.8,1.8,21.1,112,2019
Pat Connaughton,SG,26,MIL,61,20.7,2.7,,1.1,,1.6,2.5,0.5,0.7,1.3,6.9,113,2019
Quinn Cook,PG,25,GSW,74,14.3,2.8,,1.1,2.7,1.7,3.2,0.3,0.4,1.2,6.9,114,2019
DeMarcus Cousins,C,28,GSW,30,25.7,5.9,,0.9,3.2,,9.2,3.5,4.8,3.6,16.3,115,2019
Robert Covington,SF,28,TOT,35,34.4,4.5,,2.4,6.4,2.0,3.9,1.9,2.5,3.6,13.3,116,2019
Robert Covington,SF,28,PHI,13,33.8,3.8,,2.3,5.9,,3.1,1.3,1.8,3.5,11.3,116,2019
Robert Covington,SF,28,MIN,22,34.7,4.8,,2.5,6.7,,4.4,2.3,3.0,3.7,14.5,116,2019
Allen Crabbe,SG,26,BRK,43,26.3,3.2,,2.3,,0.9,2.7,1.0,1.3,2.4,9.6,117,2019
Torrey Craig,SF,28,DEN,75,20.0,2.1,,0.8,2.5,1.3,2.3,0.7,0.9,2.3,5.7,118,2019
Jamal Crawford,SG,38,PHO,64,18.9,2.7,,1.0,,1.7,3.7,1.5,1.7,1.2,7.9,119,2019
Mitch Creek,SF,26,TOT,5,9.6,1.6,,0.0,0.4,,2.8,1.0,1.4,0.6,4.2,120,2019
Mitch Creek,SF,26,BRK,4,9.0,1.3,,0.0,0.3,,2.3,1.3,1.8,0.8,3.8,120,2019
Mitch Creek,SF,26,MIN,1,12.0,3.0,,0.0,1.0,,5.0,0.0,0.0,0.0,6.0,120,2019
Jae Crowder,SF,28,UTA,80,27.1,4.0,,2.2,6.5,1.8,3.4,1.8,2.5,2.1,11.9,121,2019
Dante Cunningham,PF,31,SAS,64,14.5,1.2,,0.5,1.0,0.7,1.5,0.2,0.3,1.1,3.0,122,2019
Seth Curry,SG,28,POR,74,18.9,2.9,,1.5,,1.3,2.9,0.6,0.7,1.3,7.9,123,2019
Stephen Curry,PG,30,GSW,69,33.8,9.2,,5.1,11.7,4.0,7.7,3.8,4.2,2.4,27.3,124,2019
Troy Daniels,SG,27,PHO,51,14.9,2.2,,1.5,,0.8,1.6,0.4,0.5,1.5,6.2,125,2019
Anthony Davis,C,25,NOP,56,33.0,9.5,,0.9,2.6,8.6,15.7,6.1,7.7,2.4,25.9,126,2019
Deyonta Davis,C,22,ATL,9,13.1,1.7,2.4,0.0,0.1,,2.3,0.7,1.1,1.3,4.0,127,2019
Ed Davis,C,29,BRK,81,17.9,2.3,,0.0,0.0,2.3,3.7,1.2,2.0,2.8,5.8,128,2019
Tyler Davis,C,21,OKC,1,1.0,0.0,1.0,0.0,0.0,,1.0,0.0,0.0,0.0,0.0,129,2019
Dewayne Dedmon,C,29,ATL,64,25.1,4.0,,1.3,3.4,2.8,4.8,1.4,1.8,3.3,10.8,130,2019
Sam Dekker,PF,24,TOT,47,16.8,2.6,5.4,0.4,1.3,2.1,4.1,0.6,1.0,1.0,6.1,131,2019
Sam Dekker,PF,24,CLE,9,18.8,2.4,5.3,0.6,1.4,,3.9,0.9,1.1,1.4,6.3,131,2019
Sam Dekker,PF,24,WAS,38,16.3,2.6,5.5,0.4,1.3,2.2,4.2,0.5,0.9,0.9,6.1,131,2019
Ángel Delgado,C,24,LAC,2,7.5,0.5,2.5,0.0,0.0,,2.5,0.5,1.0,1.0,1.5,132,2019
Matthew Dellavedova,PG,28,TOT,48,16.9,2.0,,0.9,2.7,1.1,2.3,0.9,1.1,1.6,5.9,133,2019
Matthew Dellavedova,PG,28,MIL,12,8.1,0.5,,0.3,0.9,,0.7,0.3,0.3,0.8,1.7,133,2019
Matthew Dellavedova,PG,28,CLE,36,19.9,2.6,,1.1,3.3,1.4,2.9,1.1,1.3,1.8,7.3,133,2019
Luol Deng,SF,33,MIN,22,17.8,2.7,,0.6,2.0,,3.4,1.1,1.6,1.1,7.1,134,2019
DeMar DeRozan,SG,29,SAS,77,34.9,8.2,,0.1,,8.1,16.5,4.8,5.7,2.3,21.2,135,2019
Marcus Derrickson,PF,22,GSW,11,6.1,1.5,3.0,0.9,1.8,,1.2,0.4,0.5,0.8,4.2,136,2019
Cheick Diallo,PF,22,NOP,64,14.0,2.6,4.2,0.0,0.1,2.6,4.2,0.8,1.0,1.8,6.0,137,2019
Hamidou Diallo,SG,20,OKC,51,10.3,1.5,3.2,0.1,,1.4,2.8,0.7,1.2,1.5,3.7,138,2019
Gorgui Dieng,C,29,MIN,76,13.6,2.5,,0.3,0.7,2.2,4.2,1.2,1.4,1.8,6.4,139,2019
Spencer Dinwiddie,PG,25,BRK,68,28.1,5.4,,1.8,5.4,3.6,6.7,4.2,5.2,2.8,16.8,140,2019
Donte DiVincenzo,SG,22,MIL,27,15.2,1.9,4.6,0.8,,,1.5,0.3,0.4,1.4,4.9,141,2019
Luka Dončić,SG,19,DAL,72,32.2,7.0,16.5,2.3,,4.7,9.3,4.8,6.7,1.9,21.2,142,2019
Tyler Dorsey,SG,22,TOT,48,14.5,2.2,5.5,0.9,,1.3,2.8,0.8,1.3,1.1,6.2,143,2019
Tyler Dorsey,SG,22,ATL,27,9.3,1.2,3.3,0.4,,,1.9,0.6,1.0,0.7,3.3,143,2019
Tyler Dorsey,SG,22,MEM,21,21.3,3.6,8.3,1.6,,,3.9,1.0,1.7,1.6,9.8,143,2019
Damyean Dotson,SG,24,NYK,73,27.5,4.0,9.6,1.7,,2.2,4.9,1.0,1.3,1.8,10.7,144,2019
PJ Dozier,SG,22,BOS,6,8.5,1.3,3.5,0.3,,,2.2,0.2,0.3,0.3,3.2,145,2019
Goran Dragić,PG,32,MIA,36,27.5,5.0,,1.6,4.6,3.4,7.5,2.2,2.8,2.3,13.7,146,2019
Andre Drummond,C,25,DET,79,33.5,7.1,,0.1,0.5,7.0,12.8,3.1,5.2,3.4,17.3,147,2019
Jared Dudley,PF,33,BRK,59,20.7,1.7,,0.9,2.6,0.8,1.5,0.5,0.8,2.2,4.9,148,2019
Kris Dunn,PG,24,CHI,46,30.2,4.7,11.0,0.7,2.1,3.9,8.9,1.2,1.5,3.6,11.3,149,2019
Kevin Durant,SF,30,GSW,78,34.6,9.2,,1.8,5.0,7.5,12.8,5.7,6.5,2.0,26.0,150,2019
Trevon Duval,PG,20,MIL,3,2.0,0.7,1.0,0.3,0.3,,0.7,0.0,0.0,0.0,1.7,151,2019
Vince Edwards,SF,22,HOU,2,8.0,0.5,2.0,0.5,2.0,,0.0,0.0,0.0,0.0,1.5,152,2019
Henry Ellenson,PF,22,TOT,19,13.6,2.1,5.0,0.9,2.0,,3.0,1.0,1.3,1.4,6.0,153,2019
Henry Ellenson,PF,22,DET,2,12.5,2.0,5.0,1.0,2.0,,3.0,1.0,1.0,1.0,6.0,153,2019
Henry Ellenson,PF,22,NYK,17,13.8,2.1,5.0,0.9,2.0,,3.0,1.0,1.4,1.5,6.0,153,2019
Wayne Ellington,SG,31,TOT,53,24.5,3.5,,2.6,,0.9,1.6,0.7,0.9,1.7,10.3,154,2019
Wayne Ellington,SG,31,MIA,25,21.3,2.8,,2.3,,,1.2,0.6,0.6,1.6,8.4,154,2019
Wayne Ellington,SG,31,DET,28,27.3,4.1,,2.9,,,2.0,0.9,1.2,1.9,12.0,154,2019
Joel Embiid,C,24,PHI,64,33.7,9.1,18.7,1.2,4.1,7.8,14.6,8.2,10.1,3.3,27.5,155,2019
James Ennis,SF,28,TOT,58,21.2,2.4,,0.9,2.7,1.4,2.4,1.0,1.4,2.6,6.7,156,2019
James Ennis,SF,28,HOU,40,23.7,2.6,,1.1,3.0,1.5,2.3,1.1,1.5,2.8,7.4,156,2019
James Ennis,SF,28,PHI,18,15.6,1.9,,0.6,2.0,,2.6,0.9,1.3,2.2,5.3,156,2019
Drew Eubanks,PF,21,SAS,23,4.9,0.7,1.1,0.0,0.0,,1.1,0.5,0.6,0.5,1.8,157,2019
Jacob Evans,SG,21,GSW,30,6.8,0.6,1.8,0.1,,,1.3,0.0,0.0,0.9,1.3,158,2019
Jawun Evans,PG,22,TOT,8,8.1,0.4,1.8,0.0,0.4,,1.4,0.0,0.0,1.0,0.8,159,2019
Jawun Evans,PG,22,PHO,7,9.1,0.4,1.9,0.0,0.3,,1.6,0.0,0.0,1.1,0.9,159,2019
Jawun Evans,PG,22,OKC,1,1.0,0.0,1.0,0.0,1.0,,0.0,0.0,0.0,0.0,0.0,159,2019
Tyreke Evans,SG,29,IND,69,20.3,3.7,,1.1,,2.6,6.4,1.7,2.3,1.7,10.2,160,2019
Dante Exum,PG,23,UTA,42,15.8,2.4,5.7,0.4,1.5,2.0,4.3,1.6,2.0,1.6,6.9,161,2019
Kenneth Faried,C,29,TOT,37,19.7,4.2,,0.2,0.7,4.0,6.5,1.7,2.7,2.2,10.4,162,2019
Kenneth Faried,C,29,BRK,12,9.8,2.1,,0.1,0.4,,3.1,0.8,1.3,0.7,5.1,162,2019
Kenneth Faried,C,29,HOU,25,24.4,5.2,,0.3,0.8,,8.1,2.2,3.3,3.0,12.9,162,2019
Derrick Favors,C,27,UTA,76,23.2,4.8,,0.2,1.0,4.6,7.1,2.0,3.0,2.1,11.8,163,2019
Cristiano Felício,C,26,CHI,60,12.4,1.6,,0.0,0.1,1.6,2.9,0.8,1.2,1.2,4.0,164,2019
Raymond Felton,PG,34,OKC,33,11.5,1.7,,0.6,1.8,,2.2,0.4,0.4,0.9,4.3,165,2019
Terrance Ferguson,SG,20,OKC,74,26.1,2.5,5.8,1.4,,1.1,1.9,0.5,0.7,3.1,6.9,166,2019
Yogi Ferrell,PG,25,SAC,71,15.0,2.2,,0.8,2.1,1.4,2.9,0.8,0.9,0.9,5.9,167,2019
Dorian Finney-Smith,SF,25,DAL,81,24.5,2.8,,1.0,3.1,1.8,3.4,0.9,1.3,2.3,7.5,168,2019
Bryn Forbes,SG,25,SAS,82,28.0,4.4,,2.1,,2.3,4.6,0.8,1.0,1.9,11.8,169,2019
Evan Fournier,SG,26,ORL,81,31.5,5.8,,1.9,,3.9,7.6,1.7,2.1,2.8,15.1,170,2019
De'Aaron Fox,PG,21,SAC,81,31.4,6.2,13.6,1.1,2.9,5.2,10.7,3.7,5.1,2.5,17.3,171,2019
Melvin Frazier,SG,22,ORL,10,4.4,0.7,2.1,0.0,,,1.5,0.1,0.4,0.6,1.5,172,2019
Tim Frazier,PG,28,TOT,59,19.0,2.0,,0.6,1.7,1.3,2.7,0.7,0.9,1.9,5.3,173,2019
Tim Frazier,PG,28,NOP,47,19.3,1.9,,0.6,1.6,1.3,2.5,0.7,0.9,2.0,5.0,173,2019
Tim Frazier,PG,28,MIL,12,17.6,2.3,,0.8,2.0,,3.5,0.8,1.1,1.6,6.3,173,2019
Jimmer Fredette,SG,29,PHO,6,10.8,1.3,,0.0,,,2.7,1.0,1.0,0.8,3.7,174,2019
Channing Frye,C,35,CLE,36,9.5,1.2,,0.9,2.2,0.3,1.1,0.3,0.4,1.2,3.6,175,2019
Markelle Fultz,SG,20,PHI,19,22.5,3.4,8.2,0.2,,,7.4,1.1,1.9,2.7,8.2,176,2019
Danilo Gallinari,SF,30,LAC,68,30.3,6.0,,2.4,5.5,3.6,7.5,5.4,6.0,1.9,19.8,177,2019
Langston Galloway,SG,27,DET,80,21.8,2.9,,1.7,,1.2,2.6,1.0,1.2,1.7,8.4,178,2019
Billy Garrett,SG,24,NYK,4,15.8,2.8,6.8,0.0,,,4.8,1.0,1.0,0.8,6.5,179,2019
Marc Gasol,C,34,TOT,79,30.8,4.9,,1.3,3.5,3.7,7.6,2.4,3.2,2.7,13.6,180,2019
Marc Gasol,C,34,MEM,53,33.7,5.7,,1.4,4.2,4.3,8.7,2.9,3.8,2.8,15.7,180,2019
Marc Gasol,C,34,TOR,26,24.9,3.3,,0.9,2.0,,5.2,1.5,2.0,2.7,9.1,180,2019
Pau Gasol,C,38,TOT,30,12.0,1.4,,0.2,0.4,,2.7,0.9,1.3,1.0,3.9,181,2019
Pau Gasol,C,38,SAS,27,12.2,1.5,,0.2,0.4,,2.9,1.0,1.4,1.0,4.2,181,2019
Pau Gasol,C,38,MIL,3,10.0,0.3,,0.3,1.0,,1.0,0.3,0.7,0.3,1.3,181,2019
Rudy Gay,PF,32,SAS,69,26.7,5.4,,1.1,2.7,4.4,8.1,1.7,2.1,2.3,13.7,182,2019
Paul George,SF,28,OKC,77,36.9,9.2,,3.8,9.8,5.4,11.1,5.9,7.0,2.8,28.0,183,2019
Taj Gibson,PF,33,MIN,70,24.1,4.3,,0.2,0.5,4.2,7.2,1.9,2.5,2.7,10.8,184,2019
Harry Giles,PF,20,SAC,58,14.1,3.0,6.0,0.0,0.1,3.0,5.9,1.0,1.6,2.6,7.0,185,2019
Shai Gilgeous-Alexander,PG,20,LAC,82,26.5,4.2,8.7,0.6,1.7,3.5,7.0,1.9,2.4,2.1,10.8,186,2019
Rudy Gobert,C,26,UTA,81,31.8,5.9,,0.0,0.0,5.9,8.8,4.1,6.4,2.9,15.9,187,2019
Brandon Goodwin,PG,23,DEN,16,3.6,0.4,1.4,0.1,0.4,,1.1,0.6,0.7,0.4,1.4,188,2019
Aaron Gordon,PF,23,ORL,78,33.8,6.0,13.4,1.6,4.4,4.5,9.0,2.4,3.2,2.2,16.0,189,2019
Eric Gordon,SG,30,HOU,68,31.7,5.6,,3.2,,2.5,5.0,1.8,2.2,2.1,16.2,190,2019
Marcin Gortat,C,34,LAC,47,16.0,2.1,,0.0,0.0,2.1,4.0,0.7,1.0,2.0,5.0,191,2019
Devonte' Graham,PG,23,CHO,46,14.7,1.6,4.7,0.7,2.6,0.9,2.1,0.8,1.0,1.0,4.7,192,2019
Treveon Graham,SG,25,BRK,35,20.4,1.8,,1.1,,0.7,1.8,0.5,0.6,1.9,5.3,193,2019
Jerami Grant,PF,24,OKC,80,32.7,5.1,10.3,1.4,3.7,3.7,6.6,2.0,2.8,2.7,13.6,194,2019
Jerian Grant,PG,26,ORL,60,15.7,1.5,,0.7,1.8,0.9,1.8,0.4,0.7,1.3,4.2,195,2019
Donte Grantham,SF,23,OKC,3,0.7,0.0,0.7,0.0,0.7,0.0,0.0,0.0,0.0,0.0,0.0,196,2019
Danny Green,SG,31,TOR,80,27.7,3.7,,2.5,,1.2,2.4,0.5,0.6,2.1,10.3,197,2019
Draymond Green,PF,28,GSW,66,31.3,2.8,,0.7,2.5,2.1,3.9,1.0,1.4,3.0,7.4,198,2019
Gerald Green,SG,33,HOU,73,20.2,3.2,,2.1,,1.0,1.9,0.8,0.9,1.7,9.2,199,2019
JaMychal Green,PF,28,TOT,65,21.1,3.5,,1.1,2.7,2.4,4.6,1.2,1.6,3.0,9.4,200,2019
JaMychal Green,PF,28,MEM,41,22.0,3.7,,0.9,2.3,2.8,5.3,1.5,2.0,3.0,9.8,200,2019
JaMychal Green,PF,28,LAC,24,19.6,3.3,,1.4,3.3,1.9,3.5,0.7,0.9,2.9,8.7,200,2019
Jeff Green,PF,32,WAS,77,27.2,4.2,,1.4,4.2,2.8,4.8,2.4,2.7,2.1,12.3,201,2019
Blake Griffin,PF,29,DET,75,35.0,8.3,,2.5,7.0,5.7,10.9,5.5,7.3,2.7,24.5,202,2019
Daniel Hamilton,SG,23,ATL,19,10.7,1.2,3.2,0.4,,0.8,1.9,0.2,0.3,1.0,3.0,203,2019
Dusty Hannahs,SG,25,MEM,2,13.0,1.5,,0.0,,1.5,3.5,1.0,1.0,0.5,4.0,204,2019
Tim Hardaway Jr.,SG,26,TOT,65,31.6,6.0,,2.5,,3.5,7.9,3.6,4.2,2.2,18.1,205,2019
Tim Hardaway Jr.,SG,26,NYK,46,32.6,6.1,,2.5,,3.6,8.5,4.3,5.1,2.3,19.1,205,2019
Tim Hardaway Jr.,SG,26,DAL,19,29.4,5.7,,2.4,,3.3,6.7,1.7,2.3,1.8,15.5,205,2019
James Harden,PG,29,HOU,78,36.8,10.8,,4.8,13.2,6.0,11.3,9.7,11.0,3.1,36.1,206,2019
Maurice Harkless,SF,25,POR,60,23.6,3.2,,0.6,2.0,2.6,4.5,0.8,1.2,2.7,7.7,207,2019
Montrezl Harrell,C,25,LAC,82,26.3,6.7,,0.0,0.2,6.6,10.6,3.2,5.0,3.1,16.6,208,2019
Devin Harris,PG,35,DAL,68,15.8,1.9,,0.9,2.9,1.0,2.2,1.5,2.0,2.0,6.3,209,2019
Gary Harris,SG,24,DEN,57,28.8,4.7,11.2,1.4,,3.3,6.9,2.0,2.5,2.0,12.9,210,2019
Joe Harris,SG,27,BRK,76,30.2,4.9,,2.4,,2.5,4.8,1.4,1.8,2.4,13.7,211,2019
Tobias Harris,PF,26,TOT,82,34.7,7.5,,1.9,4.8,5.5,10.5,3.2,3.7,2.2,20.0,212,2019
Tobias Harris,PF,26,LAC,55,34.6,7.7,,2.0,4.7,5.7,10.9,3.5,4.0,2.2,20.9,212,2019
Tobias Harris,PF,26,PHI,27,35.0,6.9,,1.6,5.0,5.3,9.8,2.7,3.3,2.3,18.2,212,2019
Andrew Harrison,PG,24,TOT,17,11.0,0.9,3.1,0.3,1.5,0.6,1.6,1.0,1.1,2.0,3.2,213,2019
Andrew Harrison,PG,24,MEM,1,5.0,1.0,2.0,0.0,1.0,1.0,1.0,0.0,0.0,1.0,2.0,213,2019
Andrew Harrison,PG,24,CLE,10,14.4,1.2,3.9,0.3,1.4,0.9,2.5,1.6,1.6,2.6,4.3,213,2019
Andrew Harrison,PG,24,NOP,6,6.3,0.5,2.0,0.3,1.7,0.2,0.3,0.2,0.3,1.2,1.5,213,2019
Shaquille Harrison,SG,25,CHI,73,19.6,2.5,,0.3,,2.2,4.6,1.1,1.7,1.7,6.5,214,2019
Josh Hart,SG,23,LAL,67,25.6,2.8,6.9,1.4,,1.4,2.8,0.8,1.2,2.2,7.8,215,2019
Isaiah Hartenstein,PF,20,HOU,28,7.9,0.7,1.5,0.1,0.2,0.6,1.3,0.4,0.5,2.0,1.9,216,2019
Udonis Haslem,C,38,MIA,10,7.4,1.1,,0.0,1.2,1.1,2.1,0.3,0.4,0.9,2.5,217,2019
Gordon Hayward,PF,28,BOS,72,25.9,4.1,,1.1,3.2,3.0,5.6,2.2,2.6,1.4,11.5,218,2019
John Henson,C,28,MIL,14,13.4,2.2,,0.8,2.2,1.4,2.6,0.4,0.7,1.1,5.6,219,2019
Juan Hernangómez,PF,23,DEN,70,19.4,2.0,4.5,0.9,2.6,1.0,1.9,0.9,1.2,1.3,5.8,220,2019
Willy Hernangómez,C,24,CHO,58,14.0,2.6,5.1,0.3,0.7,2.4,4.4,1.7,2.5,1.7,7.3,221,2019
Mario Hezonja,SF,23,NYK,58,20.8,3.3,8.0,0.7,2.6,2.6,5.4,1.5,2.0,1.9,8.8,222,2019
Isaiah Hicks,PF,24,NYK,3,10.7,1.3,2.7,0.0,0.0,1.3,2.7,1.3,1.7,1.7,4.0,223,2019
Buddy Hield,SG,26,SAC,82,31.9,7.6,,3.4,,4.2,8.6,2.1,2.4,2.5,20.7,224,2019
Haywood Highsmith,SF,22,PHI,5,8.0,0.8,2.0,0.2,1.0,0.6,1.0,0.0,0.4,0.2,1.8,225,2019
Nenê,C,36,HOU,42,13.0,1.4,,0.0,0.1,1.4,2.7,0.7,1.1,2.1,3.6,226,2019
George Hill,PG,32,TOT,60,21.7,2.8,,0.8,2.6,2.0,3.7,1.2,1.4,1.7,7.6,227,2019
George Hill,PG,32,CLE,13,26.5,4.2,,1.0,2.2,3.2,6.1,1.3,1.5,2.7,10.8,227,2019
George Hill,PG,32,MIL,47,20.4,2.4,,0.7,2.7,1.7,3.1,1.1,1.4,1.4,6.8,227,2019
Solomon Hill,SF,27,NOP,44,20.0,1.5,,0.7,2.3,0.8,1.8,0.5,0.7,1.8,4.3,228,2019
Aaron Holiday,PG,22,IND,50,12.9,2.1,5.2,0.9,2.5,1.2,2.7,0.8,1.0,1.4,5.9,229,2019
Jrue Holiday,SG,28,NOP,67,35.9,8.2,,1.8,,6.4,11.9,3.1,4.0,2.2,21.2,230,2019
Justin Holiday,SG,29,TOT,82,31.8,3.7,,2.0,,1.7,3.8,1.2,1.3,2.0,10.5,231,2019
Justin Holiday,SG,29,CHI,38,34.9,4.0,,2.6,,1.4,3.3,1.1,1.2,2.1,11.6,231,2019
Justin Holiday,SG,29,MEM,44,29.1,3.4,,1.5,,1.9,4.3,1.2,1.4,1.9,9.5,231,2019
John Holland,SF,30,CLE,1,1.0,0.0,,0.0,0.0,0.0,0.0,0.0,0.0,0.0,0.0,232,2019
Rondae Hollis-Jefferson,SF,24,BRK,59,20.9,3.4,8.3,0.2,0.8,3.2,7.4,2.0,3.1,1.8,8.9,233,2019
Richaun Holmes,C,25,PHO,70,16.9,3.2,,0.0,0.0,3.2,5.2,1.8,2.5,2.8,8.2,234,2019
Rodney Hood,SG,26,TOT,72,26.3,4.1,,1.2,,2.9,6.0,1.9,2.2,2.0,11.2,235,2019
Rodney Hood,SG,26,CLE,45,27.4,4.3,,1.2,,3.1,6.7,2.3,2.5,2.2,12.2,235,2019
Rodney Hood,SG,26,POR,27,24.4,3.6,,1.1,,2.6,4.9,1.2,1.5,1.7,9.6,235,2019
Al Horford,C,32,BOS,68,29.0,5.7,,1.1,3.0,4.6,7.6,1.1,1.4,1.9,13.6,236,2019
Danuel House,SF,25,HOU,39,25.1,3.0,,1.9,4.6,1.1,1.9,1.4,1.8,2.1,9.4,237,2019
Dwight Howard,C,33,WAS,9,25.6,4.8,,0.0,0.0,4.8,7.7,3.2,5.3,3.8,12.8,238,2019
Kevin Huerter,SG,20,ATL,75,27.3,3.7,8.8,1.8,,1.9,4.1,0.5,0.7,2.1,9.7,239,2019
Isaac Humphries,C,21,ATL,5,11.2,1.2,4.2,0.6,2.2,0.6,2.0,0.0,0.0,1.4,3.0,240,2019
R.J. Hunter,SG,25,BOS,1,26.0,6.0,,4.0,,2.0,3.0,1.0,2.0,3.0,17.0,241,2019
Chandler Hutchison,SF,22,CHI,44,20.3,2.2,4.8,0.3,1.1,1.9,3.6,0.5,0.9,1.3,5.2,242,2019
Serge Ibaka,C,29,TOR,74,27.2,6.3,,0.7,2.3,5.6,9.6,1.8,2.4,2.9,15.0,243,2019
Andre Iguodala,SF,35,GSW,68,23.2,2.2,,0.7,2.1,1.5,2.3,0.6,1.0,1.4,5.7,244,2019
Ersan İlyasova,PF,31,MIL,67,18.4,2.5,,0.9,2.4,1.6,3.3,0.9,1.1,2.6,6.8,245,2019
Joe Ingles,PF,31,UTA,82,31.3,4.4,,2.3,5.9,2.1,3.9,1.1,1.5,2.2,12.1,246,2019
Andre Ingram,SG,33,LAL,4,3.8,0.0,,0.0,,0.0,0.8,0.0,0.0,0.0,0.0,247,2019
Brandon Ingram,SF,21,LAL,52,33.8,7.0,14.0,0.6,1.8,6.4,12.2,3.8,5.6,2.9,18.3,248,2019
Kyrie Irving,PG,26,BOS,67,33.0,9.0,,2.6,6.5,6.4,12.0,3.2,3.7,2.5,23.8,249,2019
Jonathan Isaac,PF,21,ORL,75,26.6,3.5,8.1,1.1,3.5,2.3,4.6,1.5,1.8,1.9,9.6,250,2019
Wesley Iwundu,SF,24,ORL,68,18.1,1.7,4.0,0.4,1.2,1.2,2.9,1.2,1.5,1.8,5.0,251,2019
Demetrius Jackson,PG,24,PHI,6,6.5,1.3,2.5,0.3,1.0,1.0,1.5,0.7,0.7,0.7,3.7,252,2019
Frank Jackson,PG,20,NOP,61,19.2,3.2,7.3,0.9,2.8,2.3,4.6,0.9,1.2,1.5,8.1,253,2019
Jaren Jackson Jr.,PF,19,MEM,58,26.1,5.1,10.2,0.9,2.4,4.3,7.7,2.6,3.4,3.8,13.8,254,2019
Josh Jackson,SG,21,PHO,79,25.2,4.4,10.6,0.9,,3.5,7.8,1.8,2.7,2.6,11.5,255,2019
Justin Jackson,SF,23,TOT,81,19.9,2.7,6.0,1.1,3.0,1.6,3.0,0.8,1.0,1.2,7.2,256,2019
Justin Jackson,SF,23,SAC,52,20.8,2.4,5.7,1.1,3.1,1.3,2.6,0.8,1.0,1.3,6.7,256,2019
Justin Jackson,SF,23,DAL,29,18.3,3.2,6.6,1.1,3.0,2.1,3.6,0.7,1.0,1.1,8.2,256,2019
Reggie Jackson,PG,28,DET,82,27.9,5.4,,2.1,5.7,3.3,7.0,2.5,2.9,2.5,15.4,257,2019
LeBron James,SF,34,LAL,55,35.2,10.1,,2.0,5.9,8.1,14.0,5.1,7.6,1.7,27.4,258,2019
Amile Jefferson,PF,25,ORL,12,5.7,0.8,,0.0,0.0,0.8,1.3,0.6,0.7,0.7,2.3,259,2019
John Jenkins,SG,27,TOT,26,12.8,1.6,,0.8,,0.8,1.8,0.6,0.7,0.4,4.7,260,2019
John Jenkins,SG,27,WAS,4,3.5,0.5,,0.5,,0.0,0.0,0.0,0.0,0.0,1.5,260,2019